Tempo(s), Risco do Sensor, Nivel da Bateria,Delta de Bateria, Diff(s)
3.28082,alto,95.16,0.43,0.25879
3.56884,moderado,94.73,0.08,0.28802
3.61735,baixo,94.65,0.22,0.04851
3.76544,alto,94.43,1.13,0.14809
4.53331,moderado,93.3,0.08,0.76787
4.5809,baixo,93.22,4.77,0.04759
7.85292,moderado,88.45,0.22,3.27203
8.0007,baixo,88.23,4.7,0.14778
11.2174,alto,83.53,0.85,3.21668
11.7934,moderado,82.68,0.15,0.57605
11.8897,baixo,82.53,0.99,0.09629
12.5654,alto,81.54,0.22,0.67568
12.7135,moderado,81.32,0.08,0.14807
12.7609,baixo,81.24,0.85,0.04746
13.3414,alto,80.39,0.29,0.58042
13.5334,moderado,80.1,0.22,0.19205
13.6811,baixo,79.88,2.53,0.14768
15.4134,moderado,77.35,0.08,1.73236
15.4611,baixo,77.27,2.46,0.04767
17.1529,moderado,74.81,0.08,1.69183
17.2007,baixo,74.73,2.11,0.0478
18.6493,alto,72.62,0.08,1.44858
19,moderado,72.54,0.08,0.04765
18.7458,baixo,72.46,2.74,0.04881
20.6211,moderado,69.72,0.15,1.8753
20.7185,baixo,69.57,7.15,0.09741
25.9039,alto,62.42,0.08,5.18544
26,moderado,62.34,0.15,0.0551
26.0733,alto,62.19,1.06,0.11431
26.9116,moderado,61.13,0.15,0.83831
27.0251,baixo,60.98,1.69,0.11345
28.3636,moderado,59.29,0.29,1.3385
28.5879,alto,59,0.43,0.22431
29,moderado,58.57,0.22,0.33615
29.0924,baixo,58.35,5.05,0.16837
34.6897,alto,53.3,0.57,5.59724
35.0735,moderado,52.73,0.36,0.38386
35.3168,baixo,52.37,0.36,0.24332
35.5568,moderado,52.01,0.29,0.24001
35.7536,baixo,51.72,5.26,0.19672
39.3688,moderado,46.46,0.08,3.61521
39.4165,baixo,46.38,1.76,0.04773
40.6293,moderado,44.62,0.08,1.21282
40.6772,baixo,44.54,2.04,0.0479
42.0732,alto,42.5,0.57,1.39603
42.4567,moderado,41.93,0.5,0.38349
42.7934,baixo,41.43,1.2,0.33664
43.6133,alto,40.23,1.13,0.81994
44,moderado,39.1,0.29,0.76765
44.5733,baixo,38.81,0.08,0.19229
44.6213,moderado,38.73,0.08,0.04807
44.6704,baixo,38.65,0.36,0.04909
44.9133,alto,38.29,0.43,0.24292
45.2016,moderado,37.86,0.08,0.28822
45.2495,baixo,37.78,2.25,0.0479
46.8421,moderado,35.53,0.08,1.59261
46.8901,baixo,35.45,2.25,0.04806
48.4453,alto,33.2,0.57,1.55519
48.8334,moderado,32.63,0.15,0.38812
48.9307,baixo,32.48,4,0.09724
51.6731,alto,28.48,1.83,2.74241
52.9255,moderado,26.65,0.43,1.25243
53,baixo,26.22,3.23,0.29148
55.4284,moderado,22.99,0.08,2.21139
55,baixo,22.91,4.77,0.04861
58.7534,moderado,18.14,0.15,3.27642
58.8496,baixo,17.99,0.92,0.0962
59.4801,alto,17.07,0.5,0.63051
59.8173,moderado,16.57,0.22,0.33718
59.9655,baixo,16.35,9.67,0.14826
66.6009,alto,6.68,0.71,6.63537
67.0811,moderado,5.97,0.15,0.48023
67.1786,alto,5.82,0.64,0.09746
67.6174,moderado,5.18,0.15,0.43881
67.7146,baixo,5.03,5.33,0.09722
71.3654,moderado,-0.3,0.15,3.65077
71.4623,baixo,-0.45,1.69,0.09692
72.6175,moderado,-2.14,0.08,1.15513
72.6647,alto,-2.22,1.06,0.04724
73.3854,moderado,-3.28,0.08,0.72069
73.4328,baixo,-3.36,1.06,0.0474
74.1614,moderado,-4.42,0.08,0.72866
74.2092,baixo,-4.5,0.78,0.04778
74.7446,alto,-5.28,0.29,0.53542
74.9375,moderado,-5.57,0.15,0.19289
75.0347,baixo,-5.72,0.57,0.0972
75.4255,moderado,-6.29,0.15,0.39072
75.5226,baixo,-6.44,0.78,0.09714
76.0571,moderado,-7.22,0.08,0.53449
76.1051,baixo,-7.3,1.97,0.04796
77.4571,alto,-9.27,0.22,1.35205
77.6054,moderado,-9.49,0.29,0.14828
77.8014,baixo,-9.78,1.76,0.19599
79.0056,moderado,-11.54,0.36,1.20418
79.2491,baixo,-11.9,0.57,0.2435
80,alto,-12.47,0.71,0.38398
80.1132,moderado,-13.18,0.15,0.48016
80.2103,baixo,-13.33,1.13,0.0971
80.9815,alto,-14.46,0.29,0.77121
81.1735,moderado,-14.75,0.08,0.19195
81.2215,baixo,-14.83,0.5,0.04799
81.5608,moderado,-15.33,0.22,0.33932
81.7094,baixo,-15.55,0.08,0.1486
81.7571,moderado,-15.63,0.08,0.04776
81.8056,baixo,-15.71,0.57,0.04841
82.1935,alto,-16.28,0.36,0.3879
82.4375,moderado,-16.64,0.36,0.24408
82.6775,baixo,-17,2.53,0.23998
84.4089,alto,-19.53,1.34,1.73135
85.3249,moderado,-20.87,0.22,0.91604
85.4735,baixo,-21.09,10.44,0.14857
92.6371,alto,-31.53,0.29,7.16364
92.8292,moderado,-31.82,0.08,0.19211
92.8768,baixo,-31.9,0.22,0.04755
93.0253,moderado,-32.12,0.15,0.14856
93.1224,baixo,-32.27,3.3,0.09702
95.3853,moderado,-35.57,0.29,2.26291
95.5775,baixo,-35.86,1.06,0.19222
96.2961,moderado,-36.92,0.08,0.7186
96.3447,baixo,-37,0.99,0.04861
97.0255,moderado,-37.99,0.15,0.68074
97.1226,baixo,-38.14,7.36,0.09714
102,alto,-45.5,0.15,5.05421
102,moderado,-45.65,0.22,0.09751
102,baixo,-45.87,4.49,0.14314
105,alto,-50.36,0.57,3.07552
106,moderado,-50.93,0.08,0.38449
106,baixo,-51.01,1.2,0.04716
107,alto,-52.21,0.29,0.82101
107,moderado,-52.5,0.08,0.19603
107,baixo,-52.58,1.55,0.04756
108,alto,-54.13,0.57,1.06008
108,moderado,-54.7,0.15,0.38792
109,baixo,-54.85,0.64,0.09729
109,alto,-55.49,0.78,0.43909
110,moderado,-56.27,0.22,0.53137
110,baixo,-56.49,9.25,0.14449
116,alto,-65.74,1.06,6.33994
117,moderado,-66.8,0.08,0.72355
117,baixo,-66.88,2.39,0.04791
118,alto,-69.27,0.99,1.63658
119,moderado,-70.26,0.08,0.67202
119,baixo,-70.34,4.28,0.04801
122,moderado,-74.62,0.22,2.93586
122,baixo,-74.84,3.72,0.14753
125,alto,-78.56,0.29,2.55658
125,moderado,-78.85,0.15,0.19529
125,baixo,-79,8.76,0.09799
131,moderado,-87.76,0.15,6.00618
131,baixo,-87.91,1.27,0.0968
132,alto,-89.18,0.64,0.86351
132,moderado,-89.82,0.22,0.43619
133,baixo,-90.04,0.71,0.14783
133,alto,-90.75,0.57,0.48018
133,moderado,-91.32,0.08,0.3878
134,baixo,-91.4,1.55,0.04753
135,moderado,-92.95,0.08,1.06066
135,baixo,-93.03,4.35,0.04684
138,moderado,-97.38,0.08,2.98838
138,baixo,-97.46,2.11,0.04817
139,alto,-99.57,0.5,1.44463
139,moderado,-100.07,0.08,0.33556
139,baixo,-100.15,1.55,0.04821
140.55,moderado,-101.7,0.15,1.0603
141,alto,-101.85,0.15,0.09713
141,moderado,-102,0.15,0.10009
141,baixo,-102.15,5.82,0.09886
145,alto,-107.97,0.78,3.98352
145,moderado,-108.75,0.15,0.53192
145,baixo,-108.9,0.22,0.09702
146,moderado,-109.12,0.36,0.14716
146,baixo,-109.48,0.71,0.24018
146,moderado,-110.19,0.08,0.48399
146,baixo,-110.27,1.62,0.04727
147,alto,-111.89,0.29,1.10881
148,moderado,-112.18,0.08,0.19602
148,baixo,-112.26,0.64,0.04732
148,alto,-112.9,0.15,0.43659
148,moderado,-113.05,0.15,0.09717
148,baixo,-113.2,11.14,0.10007
156,moderado,-124.34,0.08,7.63874
156,baixo,-124.42,6.38,0.04781
160,moderado,-130.8,0.08,4.37234
160,baixo,-130.88,0.64,0.04773
161,moderado,-131.52,0.15,0.43606
161,baixo,-131.67,8.62,0.09691
167,alto,-140.29,0.22,5.90316
167,moderado,-140.51,0.15,0.14809
167.15,alto,-140.66,0.08,0.09615
167,moderado,-140.74,0.36,0.04725
167,alto,-141.1,0.5,0.24038
168,moderado,-141.6,0.15,0.33618
168,baixo,-141.75,2.6,0.09746
170,alto,-144.35,0.99,1.78245
170,moderado,-145.34,0.08,0.67183
170,baixo,-145.42,1.34,0.04821
171,alto,-146.76,0.22,0.91983
171,moderado,-146.98,0.29,0.1442
172,baixo,-147.27,5.33,0.19581
175,alto,-152.6,1.62,3.65225
176,moderado,-154.22,0.22,1.10763
177,baixo,-154.44,0.08,0.14423
177,alto,-154.52,0.15,0.04753
177,moderado,-154.67,0.15,0.09761
177,alto,-154.82,1.34,0.09855
178,moderado,-156.16,0.22,0.91245
178,baixo,-156.38,3.09,0.14731
180,moderado,-159.47,0.36,2.11234
180,alto,-159.83,0.22,0.24026
180,moderado,-160.05,0.29,0.14803
181,alto,-160.34,1.13,0.19159
181,moderado,-161.47,0.08,0.77217
181,baixo,-161.55,0.92,0.04802
182,alto,-162.47,0.57,0.63209
182,moderado,-163.04,0.15,0.38758
182.47,baixo,-163.19,1.27,0.09723
183,alto,-164.46,0.57,0.8674
184,moderado,-165.03,0.15,0.38392
184,baixo,-165.18,1.83,0.09705
185,moderado,-167.01,0.15,1.25459
185.17,baixo,-167.16,2.81,0.09684
187,moderado,-169.97,0.22,1.91883
187,baixo,-170.19,0.64,0.14872
188,moderado,-170.83,0.15,0.43144
188,baixo,-170.98,2.46,0.09759
189,alto,-173.44,0.92,1.68682
190,moderado,-174.36,0.29,0.62402
190,baixo,-174.65,2.11,0.20005
192,moderado,-176.76,0.22,1.43966
192,baixo,-176.98,4,0.14855
195,alto,-180.98,0.29,2.73946
194.8,moderado,-181.27,0.15,0.1953
195,baixo,-181.42,1.34,0.09776
196,alto,-182.76,0.64,0.91134
196,baixo,-183.4,0.22,0.43599
196,alto,-183.62,0.08,0.14803
196,moderado,-183.7,0.08,0.04771
196.49,baixo,-183.78,0.15,0.04873
197,moderado,-183.93,0.29,0.09571
197,baixo,-184.22,0.85,0.19582
197,moderado,-185.07,0.08,0.57601
197,baixo,-185.15,1.55,0.04779
198.47,moderado,-186.7,0.08,1.06436
199,alto,-186.78,0.5,0.04776
199,moderado,-187.28,0.85,0.3399
199,baixo,-188.13,5.26,0.57887
203,moderado,-193.39,0.08,3.60121
203,alto,-193.47,1.34,0.04734
204,baixo,-194.81,2.81,0.92083
206,alto,-197.62,0.08,1.92366
206,moderado,-197.7,0.15,0.04769
206,baixo,-197.85,0.71,0.09717
207,alto,-198.56,0.57,0.48302
207,moderado,-199.13,0.22,0.38834
207,baixo,-199.35,5.05,0.14393
211,moderado,-204.4,0.15,3.46016
211,baixo,-204.55,3.09,0.09714
213,alto,-207.64,0.64,2.11876
213,moderado,-208.28,0.15,0.43557
213,alto,-208.43,0.5,0.09751
214,moderado,-208.93,0.29,0.34304
214,baixo,-209.22,0.64,0.19084
214,moderado,-209.86,0.36,0.43252
215,baixo,-210.22,2.46,0.23976
216,alto,-212.68,0.5,1.68431
217,moderado,-213.18,0.08,0.33652
217,baixo,-213.26,5.19,0.04755
220,alto,-218.45,0.29,3.55565
220,moderado,-218.74,0.08,0.19679
220,alto,-218.82,0.15,0.04754
220.47,moderado,-218.97,0.08,0.09687
221,baixo,-219.05,2.88,0.04741
222,moderado,-221.93,0.15,1.96813
223,baixo,-222.08,4.77,0.0972
226,moderado,-226.85,0.15,3.27083
226,baixo,-227,0.36,0.09724
226,moderado,-227.36,0.22,0.24676
226,baixo,-227.58,2.25,0.14403
228,moderado,-229.83,0.15,1.53595
228,baixo,-229.98,3.09,0.09647
230.09,alto,-233.07,0.08,2.11577
230,moderado,-233.15,0.08,0.04771
230,baixo,-233.23,4.56,0.04876
233,moderado,-237.79,0.22,3.11869
233,baixo,-238.01,1.83,0.14442
235,moderado,-239.84,0.08,1.25223
235,baixo,-239.92,2.46,0.04782
236,alto,-242.38,0.15,1.68384
237,moderado,-242.53,0.15,0.09762
236.63,baixo,-242.68,2.04,0.0996
238,moderado,-244.72,0.29,1.39876
238,baixo,-245.01,5.19,0.19212
242,moderado,-250.2,0.08,3.55592
242,baixo,-250.28,2.88,0.04775
244,moderado,-253.16,0.08,1.97262
244,baixo,-253.24,2.25,0.04744
245,alto,-255.49,1.06,1.54054
246,moderado,-256.55,0.22,0.72389
246,alto,-256.77,1.13,0.14386
247,moderado,-257.9,0.08,0.76845
247,baixo,-257.98,0.43,0.04711
247,moderado,-258.41,0.15,0.28823
247,baixo,-258.56,1.13,0.09737
248,moderado,-259.69,0.08,0.77453
248,baixo,-259.77,9.18,0.04774
255,moderado,-268.95,0.08,6.43275
255,baixo,-269.03,1.69,0.04697
256,moderado,-270.72,0.15,1.16876
256,alto,-270.87,0.36,0.09721
256.27,moderado,-271.23,0.43,0.24727
257,alto,-271.66,0.15,0.29184
257,moderado,-271.81,0.08,0.09707
257,baixo,-271.89,2.74,0.04995
259,alto,-274.63,0.5,2
259,moderado,-275.13,0.15,0.34001
259,alto,-275.28,0.36,0.09632
259,moderado,-275.64,0.08,0.24274
259,baixo,-275.72,3.72,0.04776
262,alto,-279.44,1.9,2.54517
263,moderado,-281.34,0.15,1.29996
263,baixo,-281.49,0.85,0.09656
264,alto,-282.34,1.06,0.57532
265,moderado,-283.4,0.15,0.72016
265,alto,-283.55,0.71,0.09646
265,moderado,-284.26,0.08,0.47956
265,alto,-284.34,1.13,0.04733
266,moderado,-285.47,0.15,0.7681
266,baixo,-285.62,3.79,0.09767
269,moderado,-289.41,0.08,2.59482
269,baixo,-289.49,5.4,0.04768
272,moderado,-294.89,0.15,3.70394
272,baixo,-295.04,1.41,0.09613
273,alto,-296.45,0.78,0.95977
274,moderado,-297.23,0.08,0.53189
274,baixo,-297.31,1.97,0.04858
275,moderado,-299.28,0.08,1.34287
275,alto,-299.36,0.71,0.04825
276,baixo,-300.07,7.78,0.48104
281,alto,-307.85,0.78,5.33135
282,moderado,-308.63,0.15,0.53159
282,baixo,-308.78,0.36,0.0982
282,moderado,-309.14,0.08,0.24611
282,baixo,-309.22,5.75,0.04859
286,moderado,-314.97,0.08,3.94011
286,alto,-315.05,0.36,0.04783
286,moderado,-315.41,0.15,0.24814
286,baixo,-315.56,1.69,0.09712
288,alto,-317.25,0.5,1.15915
288,moderado,-317.75,0.08,0.33962
288,baixo,-317.83,1.76,0.04784
289,alto,-319.59,0.92,1.20008
290,moderado,-320.51,0.5,0.62752
290,alto,-321.01,4.35,0.34042
293,moderado,-325.36,0.08,2.97981
293,baixo,-325.44,6.94,0.04769
298,moderado,-332.38,0.08,4.75647
298,alto,-332.46,0.64,0.04797
298,moderado,-333.1,0.29,0.43571
299,baixo,-333.39,0.08,0.19614
299,alto,-333.47,0.71,0.04804
299,moderado,-334.18,0.29,0.48425
299.39,baixo,-334.47,0.29,0.19622
300,alto,-334.76,0.99,0.19199
300,moderado,-335.75,0.15,0.6759
300,baixo,-335.9,9.81,0.09751
307,alto,-345.71,0.08,6.72251
307,moderado,-345.79,0.08,0.04753
307,baixo,-345.87,3.44,0.04861
310,alto,-349.31,0.29,2.3595
310,baixo,-349.6,0.15,0.19533
310,alto,-349.75,0.36,0.09677
310,moderado,-350.11,0.08,0.24034
310,baixo,-350.19,3.58,0.04685
313,alto,-353.77,0.92,2.45707
313,moderado,-354.69,0.15,0.62793
313,baixo,-354.84,2.53,0.09648
315,moderado,-357.37,0.22,1.72705
315,baixo,-357.59,1.13,0.14812
316,moderado,-358.72,0.64,0.77225
316,baixo,-359.36,1.76,0.43587
318,alto,-361.12,0.08,1.20424
318,moderado,-361.2,0.29,0.04771
318,baixo,-361.49,3.02,0.19617
320,alto,-364.51,0.57,2.06818
320,moderado,-365.08,0.15,0.38819
320,baixo,-365.23,0.85,0.09721
321,moderado,-366.08,0.08,0.58263
321,baixo,-366.16,1.06,0.04787
321.73,moderado,-367.22,0.08,0.7202
322,baixo,-367.3,7.22,0.04748
327,moderado,-374.52,0.22,4.95241
327,baixo,-374.74,4.35,0.1478
330,alto,-379.09,0.78,2.97498
330,moderado,-379.87,0.15,0.52872
330,baixo,-380.02,1.69,0.09777
332,moderado,-381.71,0.08,1.15877
332,alto,-381.79,1.55,0.04771
333,moderado,-383.34,0.08,1.05598
333,baixo,-383.42,1.9,0.0481
334,alto,-385.32,0.99,1.29998
335,moderado,-386.31,0.15,0.67507
335,baixo,-386.46,3.58,0.09842
337,alto,-390.04,0.78,2.45483
338,moderado,-390.82,0.15,0.52764
338,alto,-390.97,0.43,0.09673
338,moderado,-391.4,0.08,0.28744
338,alto,-391.48,0.08,0.04781
338,baixo,-391.56,1.27,0.04835
339,alto,-392.83,0.5,0.86374
340,moderado,-393.33,0.08,0.34006
340,baixo,-393.41,5.33,0.04741
343,alto,-398.74,0.08,3.66449
343,moderado,-398.82,0.08,0.04788
343,baixo,-398.9,4.42,0.04877
346,moderado,-403.32,0.08,3.02382
346,baixo,-403.4,0.64,0.04698
347,moderado,-404.04,0.08,0.43674
347,baixo,-404.12,0.71,0.04772
347,moderado,-404.83,0.08,0.48793
347,alto,-404.91,0.08,0.04812
347,moderado,-404.99,0.15,0.04954
348,baixo,-405.14,3.72,0.09907
350,moderado,-408.86,0.22,2.54379
350,alto,-409.08,0.22,0.14715
350,moderado,-409.3,0.29,0.14474
350.61,baixo,-409.59,1.69,0.19606
352,moderado,-411.28,0.08,1.15593
352,baixo,-411.36,0.15,0.04776
352,moderado,-411.51,0.15,0.09746
352,baixo,-411.66,0.57,0.10015
352,alto,-412.23,1.27,0.39065
353,moderado,-413.5,0.08,0.86362
353,baixo,-413.58,2.39,0.04786
354.95,alto,-415.97,0.22,1.63665
355,moderado,-416.19,0.22,0.14771
355,baixo,-416.41,0.99,0.14406
356,alto,-417.4,0.22,0.67619
356,moderado,-417.62,0.22,0.1438
356,alto,-417.84,0.15,0.14805
356,moderado,-417.99,0.15,0.09731
356,baixo,-418.14,5.19,0.10008
360,alto,-423.33,0.15,3.5586
360,moderado,-423.48,0.08,0.09735
360,alto,-423.56,0.15,0.05053
360.21,moderado,-423.71,0.36,0.09722
360,baixo,-424.07,1.9,0.24696
362,moderado,-425.97,0.08,1.29944
362,baixo,-426.05,3.93,0.04789
364,moderado,-429.98,0.08,2.69142
365,baixo,-430.06,3.37,0.04792
367,moderado,-433.43,0.15,2.30516
367,baixo,-433.58,11.91,0.09665
375,moderado,-445.49,0.29,8.16353
375,alto,-445.78,0.92,0.19135
376,moderado,-446.7,0.08,0.62458
376,baixo,-446.78,2.81,0.04702
378,alto,-449.59,0.36,1.92098
378,moderado,-449.95,0.15,0.23996
378,baixo,-450.1,0.57,0.09734
379,moderado,-450.67,0.22,0.39039
379,baixo,-450.89,2.67,0.14431
381,moderado,-453.56,0.15,1.82808
381,baixo,-453.71,0.15,0.09735
380.79,alto,-453.86,0.43,0.09902
381,moderado,-454.29,0.08,0.29109
381,baixo,-454.37,1.13,0.04773
382,alto,-455.5,0.92,0.77706
383,moderado,-456.42,0.15,0.62701
383,baixo,-456.57,0.29,0.09796
383,moderado,-456.86,0.15,0.19821
383,alto,-457.01,1.76,0.09781
384,moderado,-458.77,0.22,1.20269
384,baixo,-458.99,4.42,0.14402
387,moderado,-463.41,0.22,3.02785
387.45,alto,-463.63,0.43,0.14827
388,moderado,-464.06,0.29,0.29132
388,baixo,-464.35,2.95,0.19632
390,moderado,-467.3,0.29,2.01642
390,alto,-467.59,0.08,0.19563
390,moderado,-467.67,0.08,0.04778
390,baixo,-467.75,0.08,0.04873
390,alto,-467.83,0.85,0.04888
391,moderado,-468.68,0.08,0.58282
391,alto,-468.76,0.43,0.04749
391,moderado,-469.19,0.15,0.28765
391,alto,-469.34,0.36,0.09831
392,moderado,-469.7,0.08,0.24661
392,baixo,-469.78,0.08,0.04775
392,alto,-469.86,0.22,0.0496
392,moderado,-470.08,0.08,0.15059
392,alto,-470.16,0.36,0.04773
392,moderado,-470.52,0.5,0.24359
392,baixo,-471.02,6.52,0.33691
397,moderado,-477.54,0.22,4.46757
397,baixo,-477.76,3.72,0.14823
400,moderado,-481.48,0.15,2.54717
400,baixo,-481.63,11.14,0.09739
407.33,moderado,-492.77,0.15,7.63554
407,baixo,-492.92,0.36,0.09694
408,moderado,-493.28,0.22,0.24685
408,alto,-493.5,0.29,0.14809
408,moderado,-493.79,0.22,0.19522
408,baixo,-494.01,7.15,0.14394
413,moderado,-501.16,0.15,4.89624
413,baixo,-501.31,1.41,0.09729
414,moderado,-502.72,0.15,0.95938
414,baixo,-502.87,1.13,0.09709
415,alto,-504,0.43,0.77492
415,moderado,-504.43,0.08,0.288
415,baixo,-504.51,1.06,0.0471
416,moderado,-505.57,0.08,0.7248
416,baixo,-505.65,2.04,0.04795
417.49,moderado,-507.69,0.08,1.3962
418,baixo,-507.77,1.55,0.04796
419,moderado,-509.32,0.08,1.05595
419,baixo,-509.4,8.41,0.04781
424,alto,-517.81,0.57,5.76756
425,moderado,-518.38,0.08,0.38862
425,baixo,-518.46,4.21,0.04685
427.73,moderado,-522.67,0.15,2.88522
428,baixo,-522.82,4.35,0.09659
431,alto,-527.17,0.5,2.9753
431,moderado,-527.67,0.08,0.33565
431,baixo,-527.75,3.44,0.04784
434,alto,-531.19,2.39,2.35652
435,moderado,-533.58,0.29,1.63472
435,baixo,-533.87,0.99,0.19281
436,alto,-534.86,0.15,0.67273
436,moderado,-535.01,0.15,0.09699
436,baixo,-535.16,5.89,0.09921
440,alto,-541.05,0.5,4
441,moderado,-541.55,0.15,0.3365
441,baixo,-541.7,1.06,0.09751
441,alto,-542.76,0.57,0.72559
442,moderado,-543.33,0.08,0.38893
442,baixo,-543.41,1.76,0.04768
443,alto,-545.17,0.15,1.20018
443,moderado,-545.32,0.08,0.09706
443,baixo,-545.4,1.83,0.04667
444,alto,-547.23,0.64,1.2517
445,moderado,-547.87,0.08,0.43634
445,baixo,-547.95,0.22,0.04802
445,moderado,-548.17,0.15,0.14815
445.19,baixo,-548.32,7.01,0.09639
450,moderado,-555.33,0.22,4.79978
450,baixo,-555.55,0.29,0.14422
450,alto,-555.84,0.15,0.19155
450,moderado,-555.99,0.08,0.09647
450,baixo,-556.07,2.88,0.04684
452,moderado,-558.95,0.15,1.9732
453,baixo,-559.1,5.47,0.09702
456,moderado,-564.57,0.08,3.75072
456,baixo,-564.65,1.97,0.04768
458,alto,-566.62,1.06,1.34782
458.41,moderado,-567.68,0.08,0.72461
458,baixo,-567.76,0.92,0.04709
459,alto,-568.68,0.22,0.63277
459,moderado,-568.9,0.15,0.14801
459,baixo,-569.05,0.71,0.09716
460,moderado,-569.76,0.08,0.48293
460,baixo,-569.84,1.83,0.04717
461,moderado,-571.67,0.08,1.25233
461,baixo,-571.75,0.5,0.04746
462,alto,-572.25,0.85,0.33693
462,moderado,-573.1,0.36,0.57616
462,baixo,-573.46,4.14,0.24353
465,alto,-577.6,0.15,2.8312
465.25,moderado,-577.75,0.08,0.09803
465,baixo,-577.83,3.23,0.05082
468,alto,-581.06,0.22,2.21198
468,moderado,-581.28,0.22,0.14439
467.8,baixo,-581.5,4,0.14287
471,alto,-585.5,0.64,2.7365
471,moderado,-586.14,0.08,0.43611
471,baixo,-586.22,2.39,0.0485
473,alto,-588.61,0.64,1.63186
473,moderado,-589.25,0.08,0.43568
473,baixo,-589.33,4.91,0.04758
477,moderado,-594.24,0.15,3.36484
477,baixo,-594.39,2.53,0.09721
478,alto,-596.92,0.36,1.73478
479,moderado,-597.28,0.15,0.2436
479,alto,-597.43,2.39,0.09741
480,moderado,-599.82,0.36,1.63895
481,baixo,-600.18,10.09,0.24396
487.47,moderado,-610.27,0.43,6.91217
488,baixo,-610.7,1.34,0.29191
489,moderado,-612.04,0.29,0.91547
489,baixo,-612.33,0.71,0.19617
489,moderado,-613.04,0.15,0.48446
489,alto,-613.19,0.36,0.09623
490,moderado,-613.55,0.08,0.23962
490,baixo,-613.63,1.9,0.04798
491,alto,-615.53,0.57,1.29616
491,moderado,-616.1,0.15,0.38768
492,baixo,-616.25,6.59,0.09644
496,moderado,-622.84,0.15,4.51956
496,baixo,-622.99,1.13,0.09626
497,alto,-624.12,2.74,0.77048
499,moderado,-626.86,0.36,1.87334
499,alto,-627.22,0.15,0.24024
499,moderado,-627.37,0.08,0.09717
499,baixo,-627.45,0.78,0.05053
500,moderado,-628.23,0.08,0.53218
500,baixo,-628.31,5.96,0.04785
503.83,moderado,-634.27,0.15,4.08027
504,alto,-634.42,1.06,0.09718
505,moderado,-635.48,0.08,0.72621
505,baixo,-635.56,4.14,0.04777
508,moderado,-639.7,0.29,2.83673
508,baixo,-639.99,0.78,0.19589
508,moderado,-640.77,0.15,0.52794
508,baixo,-640.92,2.46,0.09669
510,moderado,-643.38,0.29,1.67846
510,baixo,-643.67,12.05,0.19285
518,alto,-655.72,0.22,8.26002
519,moderado,-655.94,0.08,0.14327
519,baixo,-656.02,4.07,0.04809
521,moderado,-660.09,0.29,2.79649
522,baixo,-660.38,1.69,0.19592
523,moderado,-662.07,0.29,1.15244
523,alto,-662.36,0.08,0.19137
523,moderado,-662.44,0.22,0.04865
523,baixo,-662.66,4.07,0.14797
526,moderado,-666.73,0.36,2.78744
526,baixo,-667.09,3.16,0.24028
528,moderado,-670.25,0.29,2.16408
529,baixo,-670.54,2.46,0.19219
530,moderado,-673,0.08,1.67984
530,baixo,-673.08,6.17,0.04762
535,moderado,-679.25,0.08,4.22441
535,baixo,-679.33,2.18,0.04785
536,moderado,-681.51,0.29,1.48836
536,alto,-681.8,0.43,0.19557
537,moderado,-682.23,0.08,0.29218
537,baixo,-682.31,1.34,0.04791
538,moderado,-683.65,0.15,0.91571
538,baixo,-683.8,4.49,0.09688
541,alto,-688.29,0.43,3.07139
541,moderado,-688.72,0.29,0.28792
541,baixo,-689.01,1.76,0.19602
542,alto,-690.77,0.15,1.20011
542,baixo,-690.92,0.78,0.09702
543,alto,-691.7,1.48,0.53102
544,moderado,-693.18,0.08,1.01212
544,baixo,-693.26,7.78,0.04736
549,alto,-701.04,0.64,5.3327
549.84,moderado,-701.68,0.08,0.43064
550,alto,-701.76,0.08,0.04909
550,moderado,-701.84,0.15,0.04907
550,baixo,-701.99,0.92,0.09569
551,moderado,-702.91,0.15,0.62275
551,baixo,-703.06,5.12,0.09792
554,alto,-708.18,0.64,3.51069
555,moderado,-708.82,0.15,0.43613
555,baixo,-708.97,0.08,0.09727
555,alto,-709.05,0.29,0.04963
555,moderado,-709.34,0.57,0.19303
555,baixo,-709.91,2.46,0.38774
557,moderado,-712.37,0.08,1.68036
557,baixo,-712.45,0.22,0.04779
557,moderado,-712.67,0.08,0.14812
557,baixo,-712.75,3.02,0.0476
559,alto,-715.77,0.78,2.06461
560,moderado,-716.55,0.08,0.52766
560,baixo,-716.63,3.37,0.04765
562,moderado,-720,0.08,2.30833
562,alto,-720.08,0.08,0.04746
562,moderado,-720.16,0.15,0.04963
562,alto,-720.31,1.55,0.0998
564,moderado,-721.86,0.5,1.05916
564,baixo,-722.36,4.35,0.339
567,alto,-726.71,0.08,2.97673
567,moderado,-726.79,0.08,0.04821
566.97,alto,-726.87,0.29,0.04869
567,moderado,-727.16,0.29,0.19097
567,baixo,-727.45,2.25,0.19228
569,moderado,-729.7,0.08,1.5398
569,alto,-729.78,0.15,0.04803
569,moderado,-729.93,0.08,0.10076
569,baixo,-730.01,1.34,0.04776
570,moderado,-731.35,0.08,0.91192
570,baixo,-731.43,2.11,0.04741
571,alto,-733.54,0.85,1.44835
572,moderado,-734.39,0.08,0.57556
572,baixo,-734.47,1.69,0.04851
573,moderado,-736.16,0.22,1.15615
573,baixo,-736.38,1.13,0.14337
574,moderado,-737.51,0.22,0.772
574,baixo,-737.73,0.22,0.14461
574,alto,-737.95,0.15,0.14761
575,moderado,-738.1,0.43,0.0976
575,baixo,-738.53,0.5,0.28969
575,moderado,-739.03,0.08,0.33715
575,baixo,-739.11,0.08,0.04788
575,alto,-739.19,0.15,0.04878
575,moderado,-739.34,0.57,0.10052
576,baixo,-739.91,0.5,0.3909
576,alto,-740.41,0.08,0.33965
576,moderado,-740.49,0.29,0.04794
576,baixo,-740.78,0.22,0.1963
577,moderado,-741,0.15,0.14717
577,baixo,-741.15,1.13,0.0975
577,alto,-742.28,4,0.77115
580,moderado,-746.28,0.08,2.7404
580,baixo,-746.36,0.43,0.04753
580,alto,-746.79,0.78,0.28788
581,moderado,-747.57,0.15,0.53243
581,alto,-747.72,0.36,0.09729
581,moderado,-748.08,0.29,0.24608
582,baixo,-748.37,0.78,0.19653
582,moderado,-749.15,0.08,0.53213
582,baixo,-749.23,2.32,0.04704
584,alto,-751.55,0.57,1.58868
584,moderado,-752.12,0.08,0.38364
584,baixo,-752.2,5.89,0.04786
588,alto,-758.09,1.06,4.03219
589,moderado,-759.15,0.43,0.72001
589,baixo,-759.58,1.13,0.28851
590,alto,-760.71,0.57,0.77185
590,moderado,-761.28,0.22,0.38401
590,baixo,-761.5,1.2,0.14817
591,moderado,-762.7,0.08,0.81999
591,baixo,-762.78,1.13,0.04777
592,alto,-763.91,1.62,0.77183
593,moderado,-765.53,0.08,1.10838
593,baixo,-765.61,0.57,0.04778
594,moderado,-766.18,0.08,0.39212
594,baixo,-766.26,0.92,0.0475
594,moderado,-767.18,0.15,0.62823
594,baixo,-767.33,0.29,0.09749
595,moderado,-767.62,0.43,0.19489
595,baixo,-768.05,1.48,0.29204
596,moderado,-769.53,0.29,1.0116
596,baixo,-769.82,1.48,0.19645
597,alto,-771.3,0.08,1.00787
597,moderado,-771.38,0.15,0.04798
597,baixo,-771.53,4.35,0.10125
600,moderado,-775.88,0.15,2.98216
600,alto,-776.03,0.22,0.09783
601,moderado,-776.25,0.08,0.15074
600.58,alto,-776.33,0.71,0.04714
601,moderado,-777.04,0.15,0.4843
601,alto,-777.19,0.15,0.09717
601,moderado,-777.34,0.22,0.09614
601,baixo,-777.56,0.29,0.14332
602,alto,-777.85,1.27,0.19579
602,moderado,-779.12,0.08,0.8669
603,baixo,-779.2,3.02,0.04898
605,alto,-782.22,0.15,2.06437
605,moderado,-782.37,0.22,0.09721
605,baixo,-782.59,0.43,0.14641
605,moderado,-783.02,0.29,0.28776
605,baixo,-783.31,0.64,0.19245
606,alto,-783.95,0.22,0.43215
606,moderado,-784.17,0.15,0.14385
606,baixo,-784.32,3.65,0.097
608,alto,-787.97,0.15,2.49875
608.57,moderado,-788.12,0.08,0.09728
609,baixo,-788.2,5.47,0.04653
612,alto,-793.67,0.22,3.74866
613,moderado,-793.89,0.08,0.14366
613,baixo,-793.97,1.41,0.04788
614,moderado,-795.38,0.08,0.96448
614,baixo,-795.46,2.25,0.0477
615,moderado,-797.71,0.22,1.54004
615,alto,-797.93,1.06,0.14397
616,moderado,-798.99,0.15,0.72403
616,baixo,-799.14,0.08,0.09685
616,moderado,-799.22,0.29,0.04689
616,baixo,-799.51,0.29,0.19584
617,alto,-799.8,1.13,0.1966
617,moderado,-800.93,0.22,0.76799
617,alto,-801.15,0.85,0.14732
618,moderado,-802,0.08,0.58018
618,alto,-802.08,0.5,0.04785
618,moderado,-802.58,0.08,0.34439
618,baixo,-802.66,1.34,0.04827
619.36,alto,-804,0.22,0.91078
620,baixo,-804.22,3.16,0.14525
622,moderado,-807.38,0.08,2.1589
622,alto,-807.46,0.08,0.04824
622,moderado,-807.54,0.22,0.04902
622,baixo,-807.76,2.95,0.14375
624,alto,-810.71,0.22,2.01552
624,moderado,-810.93,0.08,0.14447
624,alto,-811.01,0.29,0.04747
624,moderado,-811.3,0.15,0.19636
624,baixo,-811.45,3.65,0.09703
627,alto,-815.1,1.41,2.4946
628,moderado,-816.51,0.08,0.96432
628,baixo,-816.59,0.5,0.04803
628,alto,-817.09,1.06,0.33562
629,moderado,-818.15,0.29,0.7247
629,baixo,-818.44,1.48,0.1959
630,moderado,-819.92,0.15,1.0119
630,alto,-820.07,0.5,0.09638
631,moderado,-820.57,0.08,0.33975
631,baixo,-820.65,1.62,0.04695
632,moderado,-822.27,0.08,1.10908
632,baixo,-822.35,1.13,0.04748
633,alto,-823.48,0.08,0.77217
633,moderado,-823.56,0.22,0.04751
633,baixo,-823.78,2.18,0.15271
634,moderado,-825.96,0.08,1.49207
634,baixo,-826.04,0.15,0.04758
634,alto,-826.19,0.29,0.09763
635,moderado,-826.48,0.15,0.19478
635,baixo,-826.63,2.04,0.09718
636,alto,-828.67,0.78,1.39858
637,moderado,-829.45,0.22,0.5316
637,alto,-829.67,0.57,0.14847
637,moderado,-830.24,0.22,0.38339
637,baixo,-830.46,1.27,0.14471
638,alto,-831.73,0.5,0.86796
639,moderado,-832.23,0.64,0.33938
638.97,baixo,-832.87,4.42,0.43288
642,moderado,-837.29,0.08,3.02789
642,baixo,-837.37,1.83,0.04717
643,alto,-839.2,0.43,1.25277
643.59,moderado,-839.63,0.36,0.29219
644,alto,-839.99,0.15,0.24397
643.93,moderado,-840.14,0.22,0.09657
644,baixo,-840.36,1.48,0.14336
645,alto,-841.84,0.22,1.01155
645,moderado,-842.06,0.22,0.14438
645,baixo,-842.28,9.18,0.14783
652,moderado,-851.46,0.29,6.29224
652,alto,-851.75,0.29,0.20001
652,moderado,-852.04,0.08,0.19595
652,baixo,-852.12,0.99,0.0478
653,alto,-853.11,0.71,0.67218
653,moderado,-853.82,0.29,0.4795
653,alto,-854.11,1.62,0.19648
654.57,moderado,-855.73,0.08,1.1083
655,baixo,-855.81,1.27,0.04763
655,moderado,-857.08,0.15,0.86409
656,baixo,-857.23,0.64,0.09622
656,moderado,-857.87,0.15,0.43122
656,alto,-858.02,0.5,0.0977
656,moderado,-858.52,0.22,0.34292
657,baixo,-858.74,0.99,0.14803
657,moderado,-859.73,0.85,0.67162
658,baixo,-860.58,0.36,0.57632
658,alto,-860.94,0.43,0.24392
658,moderado,-861.37,0.08,0.29209
658,baixo,-861.45,2.32,0.04744
660,moderado,-863.77,0.15,1.58866
660,baixo,-863.92,2.18,0.09715
662,alto,-866.1,0.64,1.49461
662,moderado,-866.74,0.08,0.43616
662,baixo,-866.82,3.3,0.04699
664,moderado,-870.12,0.08,2.25699
664,baixo,-870.2,1.55,0.04778
665,moderado,-871.75,0.15,1.05992
666,baixo,-871.9,6.31,0.09757
670,moderado,-878.21,0.08,4.32172
670,baixo,-878.29,1.06,0.04832
671,alto,-879.35,0.71,0.72023
671,moderado,-880.06,0.08,0.48001
671,baixo,-880.14,2.39,0.04826
673,moderado,-882.53,0.08,1.64406
673,alto,-882.61,0.15,0.04787
673,moderado,-882.76,0.15,0.09621
673,baixo,-882.91,3.44,0.09706
675,alto,-886.35,0.5,2.35406
676,baixo,-886.85,1.83,0.33625
677,moderado,-888.68,0.15,1.25193
677,baixo,-888.83,5.82,0.0976
681,alto,-894.65,1.76,3.98312
682,moderado,-896.41,0.36,1.20333
683,baixo,-896.77,5.12,0.2439
686,moderado,-901.89,0.22,3.50436
686,baixo,-902.11,1.34,0.14348
687,alto,-903.45,0.43,0.91261
687,moderado,-903.88,0.08,0.29226
687,baixo,-903.96,6.66,0.04786
692,moderado,-910.62,0.15,4.56369
692,baixo,-910.77,3.93,0.09776
695,alto,-914.7,1.2,2.69468
696,moderado,-915.9,0.15,0.81601
696,baixo,-916.05,3.09,0.09724
698,moderado,-919.14,0.08,2.11881
698,alto,-919.22,0.99,0.04794
699,moderado,-920.21,0.08,0.67529
699,baixo,-920.29,1.76,0.04857
700,moderado,-922.05,0.15,1.20361
700,baixo,-922.2,3.58,0.09639
702,moderado,-925.78,0.08,2.44852
702,alto,-925.86,0.22,0.04726
702.53,moderado,-926.08,0.43,0.14451
703,baixo,-926.51,0.15,0.28792
703,alto,-926.66,2.74,0.09596
705,moderado,-929.4,0.08,1.87769
704.84,baixo,-929.48,2.32,0.04918
706,alto,-931.8,1.13,1.58879
707,moderado,-932.93,0.08,0.76784
707,alto,-933.01,0.99,0.04808
708,moderado,-934,0.43,0.67639
708,alto,-934.43,0.08,0.29218
708,moderado,-934.51,0.15,0.04747
708,baixo,-934.66,0.08,0.09751
708,alto,-934.74,0.22,0.05024
709,moderado,-934.96,0.15,0.14804
709,baixo,-935.11,5.4,0.09732
712,alto,-940.51,0.29,3.69922
713,moderado,-940.8,0.08,0.19612
713,baixo,-940.88,0.71,0.04679
713,moderado,-941.59,0.22,0.48448
713.23,baixo,-941.81,0.22,0.1488
713,alto,-942.03,1.27,0.14792
714,moderado,-943.3,0.22,0.86362
714,baixo,-943.52,2.46,0.14841
716,moderado,-945.98,0.36,1.68336
716,baixo,-946.34,0.22,0.24455
716,moderado,-946.56,0.08,0.14803
717,baixo,-946.64,2.32,0.0479
718,alto,-948.96,0.22,1.58786
718,moderado,-949.18,0.15,0.14385
718,baixo,-949.33,6.17,0.0965
723,moderado,-955.5,0.08,4.22771
723,baixo,-955.58,1.9,0.04734
724,moderado,-957.48,0.22,1.30485
724,baixo,-957.7,15.13,0.14761
734,moderado,-972.83,0.29,10
735,baixo,-973.12,6.1,0.19221
739,alto,-979.22,0.29,4.18427
739,moderado,-979.51,0.29,0.19586
739.21,alto,-979.8,0.08,0.1966
739,moderado,-979.88,0.22,0.04785
739,baixo,-980.1,5.33,0.14295
743,alto,-985.43,0.78,3.65262
744,moderado,-986.21,0.15,0.53148
744,baixo,-986.36,3.02,0.09723
746,moderado,-989.38,0.22,2.06342
746,baixo,-989.6,3.3,0.14753
748,moderado,-992.9,0.15,2.26036
748,baixo,-993.05,0.15,0.09721
748,alto,-993.2,0.36,0.10011
749,moderado,-993.56,0.15,0.24651
749,baixo,-993.71,6.52,0.09734
753,alto,-1000.23,0.29,4.46698
753,moderado,-1000.52,0.15,0.19569
753,baixo,-1000.67,7.36,0.09648
758,moderado,-1008.03,0.29,5.04329
759,baixo,-1008.32,6.1,0.19199
763,moderado,-1014.42,0.29,4.18044
763,alto,-1014.71,2.25,0.19526
765,baixo,-1016.96,0.08,1.54077
765,moderado,-1017.04,0.08,0.04789
765,baixo,-1017.12,7.78,0.04874
770,moderado,-1024.9,0.15,5.33129
770.13,baixo,-1025.05,0.92,0.09706
771,moderado,-1025.97,0.08,0.63105
771,alto,-1026.05,0.15,0.04779
771,moderado,-1026.2,0.08,0.09698
771,baixo,-1026.28,6.38,0.04706
775,moderado,-1032.66,0.15,4.37163
775,baixo,-1032.81,0.22,0.09738
776,moderado,-1033.03,0.57,0.14237
776,baixo,-1033.6,0.78,0.3886
776,alto,-1034.38,0.92,0.53159
777,moderado,-1035.3,0.15,0.6286
777,baixo,-1035.45,1.13,0.09727
778,alto,-1036.58,0.78,0.7706
779,moderado,-1037.36,0.15,0.53088
778.61,baixo,-1037.51,0.71,0.09805
779,alto,-1038.22,0.08,0.48311
779,moderado,-1038.3,0.15,0.04733
779,alto,-1038.45,1.34,0.10205
780,moderado,-1039.79,0.22,0.91417
780,alto,-1040.01,0.78,0.1445
781,moderado,-1040.79,0.29,0.53179
781,baixo,-1041.08,1.55,0.19164
782,alto,-1042.63,1.62,1.0565
783,moderado,-1044.25,0.15,1.10404
783,baixo,-1044.4,2.81,0.0966
785,moderado,-1047.21,0.15,1.92358
785,baixo,-1047.36,1.2,0.09719
786,moderado,-1048.56,0.15,0.82254
786,baixo,-1048.71,0.29,0.09734
786,alto,-1049,2.04,0.19481
788,moderado,-1051.04,0.71,1.39157
788,baixo,-1051.75,0.29,0.48448
788,moderado,-1052.04,0.36,0.19593
789,baixo,-1052.4,2.25,0.24351
790,alto,-1054.65,0.43,1.5357
791,moderado,-1055.08,0.29,0.29238
791,baixo,-1055.37,0.08,0.19633
791,moderado,-1055.45,0.08,0.04733
791,baixo,-1055.53,0.08,0.04891
791,moderado,-1055.61,0.08,0.04851
791,baixo,-1055.69,0.36,0.04838
791,moderado,-1056.05,0.08,0.24281
791,alto,-1056.13,0.78,0.04741
791.77,moderado,-1056.91,0.08,0.52882
792,baixo,-1056.99,0.64,0.04791
792,moderado,-1057.63,0.08,0.43196
792,baixo,-1057.71,6.52,0.04716
797,alto,-1064.23,0.15,4.46485
797,moderado,-1064.38,0.08,0.09618
797,baixo,-1064.46,0.29,0.04715
797,moderado,-1064.75,0.22,0.19271
797,baixo,-1064.97,4.21,0.14362
800,alto,-1069.18,0.64,2.88425
801,moderado,-1069.82,0.29,0.43596
801,baixo,-1070.11,2.95,0.19207
803,alto,-1073.06,0.57,2.01962
803,moderado,-1073.63,0.15,0.38381
803,baixo,-1073.78,3.23,0.09716
805,alto,-1077.01,0.08,2.21135
806,moderado,-1077.09,0.43,0.04797
806,baixo,-1077.52,1.27,0.29166
807,moderado,-1078.79,0.08,0.86864
807,baixo,-1078.87,0.36,0.04726
807,moderado,-1079.23,0.08,0.24052
807,alto,-1079.31,0.15,0.04681
807,moderado,-1079.46,0.08,0.09781
807,baixo,-1079.54,1.06,0.04687
808,moderado,-1080.6,0.08,0.72012
808,alto,-1080.68,1.34,0.04791
809,moderado,-1082.02,0.22,0.91646
809,alto,-1082.24,0.22,0.14402
809,baixo,-1082.46,0.57,0.14768
810,alto,-1083.03,0.43,0.38388
810,moderado,-1083.46,0.57,0.29209
810,alto,-1084.03,0.29,0.3836
810,moderado,-1084.32,0.08,0.19588
810,baixo,-1084.4,1.55,0.04868
811,alto,-1085.95,0.5,1.05618
812,moderado,-1086.45,0.15,0.33981
812,baixo,-1086.6,0.99,0.09723
812.6,moderado,-1087.59,0.15,0.67393
813,baixo,-1087.74,0.22,0.10384
813,alto,-1087.96,0.78,0.14957
813,moderado,-1088.74,0.08,0.53693
813,baixo,-1088.82,1.34,0.05011
814,alto,-1090.16,0.64,0.93298
815,moderado,-1090.8,0.15,0.43429
814.91,baixo,-1090.95,1.69,0.10183
816,alto,-1092.64,1.97,1.15845
817,moderado,-1094.61,0.22,1.36075
818,baixo,-1094.83,5.12,0.14844
821,moderado,-1099.95,0.08,3.5066
821,alto,-1100.03,1.62,0.04887
822,moderado,-1101.65,0.36,1.10455
822,alto,-1102.01,0.43,0.24418
823,moderado,-1102.44,0.15,0.28735
823,baixo,-1102.59,0.5,0.09742
823,moderado,-1103.09,0.08,0.34239
823,baixo,-1103.17,0.57,0.04787
824,alto,-1103.74,0.36,0.38753
824,moderado,-1104.1,0.57,0.24469
824,alto,-1104.67,1.2,0.38841
825,moderado,-1105.87,0.5,0.81586
825,baixo,-1106.37,0.15,0.33978
826,alto,-1106.52,0.71,0.09626
826,moderado,-1107.23,0.36,0.47961
826,baixo,-1107.59,1.48,0.24056
827,moderado,-1109.07,0.08,1.01195
827,baixo,-1109.15,0.5,0.04753
828,moderado,-1109.65,0.08,0.33994
828,baixo,-1109.73,3.93,0.04849
830.39,moderado,-1113.66,0.08,2.69216
830,baixo,-1113.74,0.71,0.04747
831,alto,-1114.45,0.36,0.48028
831,moderado,-1114.81,0.08,0.24016
831,baixo,-1114.89,0.78,0.04686
832,alto,-1115.67,0.15,0.53307
832,moderado,-1115.82,0.22,0.09745
832,baixo,-1116.04,2.25,0.14634
834,alto,-1118.29,0.36,1.54008
834,moderado,-1118.65,0.43,0.24422
834,baixo,-1119.08,0.36,0.29197
834,alto,-1119.44,0.08,0.2435
834,moderado,-1119.52,0.22,0.04829
834,baixo,-1119.74,2.32,0.14795
836,alto,-1122.06,0.57,1.58827
836,moderado,-1122.63,0.08,0.38805
837,baixo,-1122.71,3.16,0.04748
839,alto,-1125.87,0.15,2.16358
839,moderado,-1126.02,0.29,0.09825
839,baixo,-1126.31,0.08,0.19873
839,alto,-1126.39,0.64,0.04764
839,moderado,-1127.03,0.08,0.43223
840,baixo,-1127.11,1.97,0.04784
841,moderado,-1129.08,0.08,1.34802
841,baixo,-1129.16,1.62,0.04788
842,alto,-1130.78,0.92,1.11162
843,moderado,-1131.7,0.15,0.62472
843,baixo,-1131.85,0.85,0.0958
843,alto,-1132.7,0.92,0.58004
844,moderado,-1133.62,0.22,0.62821
844,baixo,-1133.84,1.62,0.14381
845,moderado,-1135.46,0.29,1.10795
845,alto,-1135.75,0.71,0.19623
846,moderado,-1136.46,0.22,0.4831
846,alto,-1136.68,0.57,0.14873
846,moderado,-1137.25,0.08,0.38814
846,baixo,-1137.33,4.63,0.04765
850,alto,-1141.96,0.08,3.16827
850,moderado,-1142.04,0.08,0.04773
850,alto,-1142.12,0.36,0.04867
850,moderado,-1142.48,0.08,0.24769
850,baixo,-1142.56,0.36,0.04776
850,alto,-1142.92,0.15,0.24821
850,moderado,-1143.07,0.08,0.09697
850,baixo,-1143.15,12.19,0.05023
859,alto,-1155.34,0.78,8.36086
859.31,moderado,-1156.12,0.08,0.53201
859,baixo,-1156.2,1.13,0.04787
860,alto,-1157.33,0.43,0.77217
860,moderado,-1157.76,0.08,0.29177
860,baixo,-1157.84,4.07,0.04795
863,moderado,-1161.91,0.08,2.78839
863,baixo,-1161.99,1.62,0.04762
864,alto,-1163.61,0.64,1.10409
865,moderado,-1164.25,0.29,0.43497
865,baixo,-1164.54,2.74,0.1927
867,alto,-1167.28,0.08,1.87251
867,moderado,-1167.36,0.15,0.04757
867,alto,-1167.51,0.22,0.09677
867,moderado,-1167.73,0.15,0.14764
867,baixo,-1167.88,0.08,0.0973
867,moderado,-1167.96,0.22,0.05045
867,baixo,-1168.18,0.71,0.14827
868,moderado,-1168.89,0.08,0.48387
868,baixo,-1168.97,2.04,0.04708
869,moderado,-1171.01,0.22,1
870,baixo,-1171.23,1.83,0.14803
871,alto,-1173.06,0.08,1.25153
871,moderado,-1173.14,0.15,0.04796
870.97,alto,-1173.29,0.92,0.09721
872,moderado,-1174.21,0.15,0.62291
872,alto,-1174.36,0.71,0.09771
872,moderado,-1175.07,0.15,0.48239
872.27,baixo,-1175.22,1.9,0.09671
874,moderado,-1177.12,0.08,1.2994
874,baixo,-1177.2,10.37,0.04756
881,moderado,-1187.57,0.08,7.12061
881,baixo,-1187.65,0.57,0.04747
881,alto,-1188.22,0.29,0.38817
881,moderado,-1188.51,0.08,0.19566
881,baixo,-1188.59,3.09,0.04866
884,alto,-1191.68,0.57,2.11209
884,moderado,-1192.25,0.08,0.3882
884,baixo,-1192.33,9.88,0.04685
891,moderado,-1202.21,0.08,6.77678
891,alto,-1202.29,0.22,0.04749
891,baixo,-1202.51,0.71,0.14778
891,moderado,-1203.22,0.15,0.4849
892,baixo,-1203.37,1.13,0.09712
892,moderado,-1204.5,0.08,0.7749
892,alto,-1204.58,1.55,0.04773
893,moderado,-1206.13,0.15,1.05618
893,baixo,-1206.28,4.14,0.09668
896.33,moderado,-1210.42,0.15,2.83552
896,baixo,-1210.57,1.9,0.09637
898,moderado,-1212.47,0.08,1.29544
898,baixo,-1212.55,2.81,0.04761
900,alto,-1215.36,0.08,1.92453
900,moderado,-1215.44,0.08,0.04778
900,baixo,-1215.52,0.43,0.04945
900,moderado,-1215.95,0.08,0.29063
900,baixo,-1216.03,7.99,0.0475
906,moderado,-1224.02,0.22,5.48006
906,baixo,-1224.24,0.15,0.14457
906,moderado,-1224.39,0.5,0.09593
906,baixo,-1224.89,1.34,0.33953
907,moderado,-1226.23,0.15,0.91244
907,baixo,-1226.38,1.83,0.10124
908,alto,-1228.21,0.43,1.25083
909,moderado,-1228.64,0.15,0.29194
909,alto,-1228.79,0.92,0.09711
909,baixo,-1229.71,0.08,0.63049
910,moderado,-1229.79,0.08,0.04782
909.57,baixo,-1229.87,2.46,0.0495
911,moderado,-1232.33,0.15,1.68303
911,baixo,-1232.48,3.79,0.0973
914,alto,-1236.27,0.64,2.59492
914,moderado,-1236.91,0.15,0.43534
914,baixo,-1237.06,9.46,0.09762
921,moderado,-1246.52,0.08,6.48697
921,alto,-1246.6,0.29,0.04746
921,moderado,-1246.89,0.15,0.19629
921,alto,-1247.04,0.5,0.09626
922,moderado,-1247.54,0.22,0.33592
922,baixo,-1247.76,1.83,0.14787
923,alto,-1249.59,0.15,1.24796
923,moderado,-1249.74,0.08,0.09687
923,baixo,-1249.82,0.71,0.04651
924,alto,-1250.53,1.62,0.48084
925,moderado,-1252.15,0.08,1.10778
925,baixo,-1252.23,0.36,0.0475
925,alto,-1252.59,3.02,0.24033
927,moderado,-1255.61,0.08,2.06446
927,alto,-1255.69,0.29,0.04765
927,moderado,-1255.98,0.15,0.2001
927,baixo,-1256.13,0.15,0.09724
928,alto,-1256.28,0.71,0.09952
928,moderado,-1256.99,0.08,0.47836
928,baixo,-1257.07,3.02,0.04864
930,moderado,-1260.09,0.08,2.06823
930,alto,-1260.17,0.15,0.04795
930,moderado,-1260.32,0.5,0.0975
931,baixo,-1260.82,2.11,0.34224
932,alto,-1262.93,1.48,1.44049
933,moderado,-1264.41,0.15,1.01205
933,baixo,-1264.56,1.97,0.09686
935,moderado,-1266.53,0.15,1.34706
935,baixo,-1266.68,1.62,0.09729
936,moderado,-1268.3,0.57,1.1102
936,alto,-1268.87,0.22,0.38463
936,moderado,-1269.09,0.22,0.14793
936,baixo,-1269.31,1.34,0.14816
937,alto,-1270.65,0.5,0.91165
938,moderado,-1271.15,0.08,0.33549
938,baixo,-1271.23,2.53,0.04822
939,alto,-1273.76,0.5,1.72848
940,moderado,-1274.26,0.08,0.33905
940,baixo,-1274.34,1.06,0.04823
941,alto,-1275.4,0.85,0.72457
941,moderado,-1276.25,0.36,0.57607
941,alto,-1276.61,1.2,0.24399
942,moderado,-1277.81,0.29,0.81947
942,baixo,-1278.1,2.67,0.19219
944,moderado,-1280.77,0.15,1.82426
944,baixo,-1280.92,0.99,0.09678
945,alto,-1281.91,0.71,0.67108
945,moderado,-1282.62,0.08,0.48822
946,baixo,-1282.7,7.01,0.04795
950,alto,-1289.71,0.85,4.80404
951,moderado,-1290.56,0.29,0.58013
951,baixo,-1290.85,4.7,0.19218
954,alto,-1295.55,0.64,3.21906
955,moderado,-1296.19,0.08,0.43262
955,baixo,-1296.27,1.2,0.04763
956,alto,-1297.47,0.5,0.81641
956,moderado,-1297.97,0.08,0.3394
956,baixo,-1298.05,1.55,0.04828
957,moderado,-1299.6,0.15,1.06032
957,baixo,-1299.75,6.03,0.09716
961,alto,-1305.78,1.62,4.14685
962,moderado,-1307.4,0.15,1.10368
963,baixo,-1307.55,2.74,0.097
964.39,moderado,-1310.29,0.15,1.87555
964,alto,-1310.44,0.64,0.09697
965,moderado,-1311.08,0.08,0.43824
965,alto,-1311.16,0.43,0.04835
965,moderado,-1311.59,0.15,0.28842
965,baixo,-1311.74,0.43,0.09694
966,moderado,-1312.17,0.08,0.29483
966,baixo,-1312.25,0.78,0.04737
966,moderado,-1313.03,0.22,0.5367
966,baixo,-1313.25,3.93,0.14387
969,moderado,-1317.18,0.08,2.69094
969,baixo,-1317.26,0.57,0.0492
970,alto,-1317.83,0.85,0.38794
970,moderado,-1318.68,0.08,0.57996
970,baixo,-1318.76,4.28,0.04823
973,moderado,-1323.04,0.08,2.93579
973,baixo,-1323.12,3.79,0.04764
976,moderado,-1326.91,0.22,2.59634
976,baixo,-1327.13,3.86,0.14797
979,alto,-1330.99,0.29,2.64012
979,moderado,-1331.28,0.08,0.19194
979,baixo,-1331.36,0.43,0.04773
979,moderado,-1331.79,0.08,0.29234
979,baixo,-1331.87,1.13,0.04806
980,moderado,-1333,0.15,0.77155
980,alto,-1333.15,0.22,0.09681
980,moderado,-1333.37,0.71,0.14349
981,alto,-1334.08,0.29,0.48409
981,moderado,-1334.37,0.43,0.19599
981.07,alto,-1334.8,0.15,0.29209
981,moderado,-1334.95,0.08,0.0971
981,alto,-1335.03,0.43,0.05099
982,moderado,-1335.46,0.08,0.29574
982,alto,-1335.54,0.15,0.04792
982,moderado,-1335.69,0.29,0.09754
982,baixo,-1335.98,1.48,0.19862
983,alto,-1337.46,0.29,1.01596
983,moderado,-1337.75,0.08,0.19601
983,alto,-1337.83,1.2,0.04799
984,moderado,-1339.03,0.15,0.81991
984,alto,-1339.18,0.08,0.09699
984,moderado,-1339.26,0.29,0.04707
984,baixo,-1339.55,3.37,0.1921
987,alto,-1342.92,1.97,2.30817
988,moderado,-1344.89,0.22,1.3478
988,baixo,-1345.11,0.64,0.14755
989,alto,-1345.75,3.79,0.43193
991,moderado,-1349.54,0.15,2.59246
991,baixo,-1349.69,0.71,0.09742
992,alto,-1350.4,0.08,0.48674
992,moderado,-1350.48,0.22,0.04733
992,baixo,-1350.7,1.06,0.14438
993,moderado,-1351.76,0.08,0.72379
992.65,baixo,-1351.84,0.85,0.04848
993,moderado,-1352.69,0.22,0.57545
993,baixo,-1352.91,2.18,0.14824
995,alto,-1355.09,0.36,1.48825
995,moderado,-1355.45,0.08,0.24321
995,baixo,-1355.53,1.34,0.04807
996,moderado,-1356.87,0.08,0.91617
996,alto,-1356.95,0.57,0.04839
997,moderado,-1357.52,0.22,0.38816
997,baixo,-1357.74,3.44,0.14742
999,alto,-1361.18,1.06,2.35652
1.000,moderado,-1362.24,0.15,0.7281
1.000,alto,-1362.39,0.57,0.09598
1000.22,baixo,-1362.96,1.41,0.38367
1001.18,moderado,-1364.37,0.15,0.96431
1001.28,baixo,-1364.52,1.13,0.09663
1002.04,alto,-1365.65,0.29,0.76677
1002.24,moderado,-1365.94,0.08,0.19222
1002.29,baixo,-1366.02,5.82,0.04804
1006.27,moderado,-1371.84,0.15,3.98838
1006.37,baixo,-1371.99,4.63,0.09678
1009.54,moderado,-1376.62,0.08,3.17082
1009.59,alto,-1376.7,1.55,0.04774
1010.65,moderado,-1378.25,0.29,1.06446
1010.85,baixo,-1378.54,3.37,0.19607
1013.16,alto,-1381.91,0.15,2.3081
1013.25,moderado,-1382.06,0.64,0.09708
1013.69,baixo,-1382.7,1.06,0.43833
1014.42,alto,-1383.76,0.22,0.72418
1014.57,moderado,-1383.98,0.08,0.14807
1014.61,baixo,-1384.06,0.71,0.048
1015.1,alto,-1384.77,0.08,0.48424
1015.14,moderado,-1384.85,0.08,0.04737
1015.19,baixo,-1384.93,10.58,0.04963
1022.44,moderado,-1395.51,0.08,7.25022
1022.49,baixo,-1395.59,0.64,0.04834
1022.93,alto,-1396.23,1.2,0.43622
1023.75,moderado,-1397.43,0.22,0.82026
1023.9,alto,-1397.65,0.22,0.14811
1024.04,moderado,-1397.87,0.15,0.14398
1024.14,baixo,-1398.02,0.5,0.09725
1024.48,moderado,-1398.52,0.08,0.3381
1024.53,baixo,-1398.6,5.33,0.04857
1028.18,moderado,-1403.93,0.29,3.65201
1028.37,baixo,-1404.22,2.53,0.19601
1030.11,alto,-1406.75,0.43,1.73177
1030.4,moderado,-1407.18,0.08,0.29212
1030.44,baixo,-1407.26,1.76,0.04759
1031.65,moderado,-1409.02,0.15,1.20866
1031.75,baixo,-1409.17,0.36,0.09728
1032,moderado,-1409.53,0.22,0.2462
1032.14,alto,-1409.75,0.57,0.14773
1032.53,moderado,-1410.32,0.08,0.38462
1032.58,baixo,-1410.4,5.47,0.04759
1036.33,alto,-1415.87,1.76,3.74821
1037.53,moderado,-1417.63,0.08,1.20015
1037.57,baixo,-1417.71,0.36,0.04802
1037.82,alto,-1418.07,0.29,0.24407
1038.01,moderado,-1418.36,0.08,0.19166
1038.06,baixo,-1418.44,1.97,0.04817
1039.41,moderado,-1420.41,0.08,1.34817
1039.45,alto,-1420.49,0.36,0.04783
1039.69,moderado,-1420.85,0.15,0.24014
1039.79,baixo,-1421,0.5,0.09703
1040.13,alto,-1421.5,1.48,0.33912
1041.14,moderado,-1422.98,0.29,1.0118
1041.34,baixo,-1423.27,1.55,0.19607
1042.39,alto,-1424.82,0.22,1.0554
1042.54,moderado,-1425.04,0.22,0.14858
1042.69,baixo,-1425.26,4.84,0.14796
1046.01,alto,-1430.1,0.08,3.31605
1046.05,moderado,-1430.18,0.15,0.04778
1046.15,baixo,-1430.33,5.19,0.09737
1049.71,alto,-1435.52,0.43,3.55485
1050,moderado,-1435.95,0.08,0.29205
1050.05,alto,-1436.03,1.06,0.04759
1050.77,moderado,-1437.09,0.22,0.72833
1050.92,baixo,-1437.31,3.44,0.14793
1053.27,moderado,-1440.75,0.08,2.35221
1053.32,baixo,-1440.83,6.17,0.04773
1057.55,alto,-1447,0.15,4.23231
1057.65,moderado,-1447.15,0.57,0.0965
1058.03,baixo,-1447.72,5.05,0.38334
1061.49,moderado,-1452.77,0.08,3.45979
1061.54,baixo,-1452.85,1.76,0.04781
1062.75,moderado,-1454.61,0.15,1.20459
1062.84,baixo,-1454.76,1.69,0.09629
1064,moderado,-1456.45,0.57,1.1553
1064.39,baixo,-1457.02,3.58,0.38797
1066.84,alto,-1460.6,0.78,2.45225
1067.37,moderado,-1461.38,0.08,0.53172
1067.42,baixo,-1461.46,0.5,0.04806
1067.75,alto,-1461.96,1.69,0.33568
1068.91,moderado,-1463.65,0.08,1.15598
1068.96,baixo,-1463.73,3.37,0.04831
1071.26,moderado,-1467.1,0.22,2.30782
1071.41,baixo,-1467.32,0.22,0.14331
1071.55,alto,-1467.54,0.43,0.14511
1071.85,moderado,-1467.97,0.08,0.29206
1071.89,baixo,-1468.05,9.18,0.04742
1078.18,moderado,-1477.23,0.15,6.28857
1078.28,baixo,-1477.38,0.29,0.09667
1078.47,alto,-1477.67,0.29,0.19546
1078.67,moderado,-1477.96,0.08,0.19573
1078.72,baixo,-1478.04,0.99,0.04817
1079.4,alto,-1479.03,0.78,0.67969
1079.93,moderado,-1479.81,0.08,0.53225
1079.98,baixo,-1479.89,2.11,0.04771
1081.42,alto,-1482,0.08,1.44398
1081.47,moderado,-1482.08,0.08,0.04766
1081.52,baixo,-1482.16,1.13,0.04953
1082.29,alto,-1483.29,0.64,0.77087
1082.72,moderado,-1483.93,0.15,0.43548
1082.82,baixo,-1484.08,0.36,0.09784
1083.07,alto,-1484.44,0.36,0.24671
1083.31,moderado,-1484.8,0.08,0.24034
1083.36,baixo,-1484.88,4.49,0.04743
1086.44,moderado,-1489.37,0.15,3.07981
1086.53,baixo,-1489.52,3.58,0.09729
1088.98,moderado,-1493.1,0.08,2.44742
1089.03,alto,-1493.18,0.43,0.04707
1089.33,moderado,-1493.61,0.29,0.29684
1089.52,baixo,-1493.9,0.08,0.19133
1089.56,alto,-1493.98,1.69,0.04811
1090.73,moderado,-1495.67,0.15,1.16065
1090.82,alto,-1495.82,1.13,0.09558
1091.59,moderado,-1496.95,0.29,0.76846
1091.79,baixo,-1497.24,0.71,0.19603
1092.27,alto,-1497.95,1.34,0.47996
1093.18,moderado,-1499.29,0.08,0.91179
1093.22,baixo,-1499.37,1.69,0.04763
1094.38,alto,-1501.06,0.15,1.15241
1094.47,moderado,-1501.21,0.22,0.09736
1094.63,baixo,-1501.43,1.48,0.1507
1095.64,alto,-1502.91,0.64,1.01203
1096.07,moderado,-1503.55,0.08,0.43563
1096.12,baixo,-1503.63,0.36,0.04789
1096.36,moderado,-1503.99,0.22,0.23952
1096.51,baixo,-1504.21,0.85,0.1451
1097.09,moderado,-1505.06,0.08,0.57996
1097.13,baixo,-1505.14,2.18,0.04767
1098.64,moderado,-1507.32,0.36,1.50418
1098.89,alto,-1507.68,0.08,0.24777
1098.93,moderado,-1507.76,0.08,0.04792
1098.98,baixo,-1507.84,0.22,0.04907
1099.13,alto,-1508.06,0.15,0.15071
1099.23,moderado,-1508.21,0.08,0.09693
1099.28,baixo,-1508.29,0.43,0.0475
1099.57,moderado,-1508.72,0.22,0.29213
1099.72,baixo,-1508.94,0.42,0.14803
