Tempo(s), Risco do Sensor, Nível da Bateria, Diff(s)
0.0750543,alto,99.98,0.061245
0.481147,moderado,99.93,0.406092
0.681584,baixo,99.9,0.200437
0.881458,alto,99.87,0.199875
0.981625,baixo,99.85,0.100167
1.1812,moderado,99.82,0.199573
1.88012,alto,99.74,0.698921
2.08169,moderado,99.71,0.201566
2.18219,alto,99.69,0.1005
2.48117,moderado,99.65,0.298987
2.68192,baixo,99.62,0.200752
2.88119,moderado,99.59,0.199261
3.18143,alto,99.55,0.300247
3.38175,baixo,99.52,0.200319
3.48093,moderado,99.5,0.0991766
3.58236,baixo,99.48,0.101433
3.88063,moderado,99.44,0.298273
3.98219,alto,99.42,0.101558
4.18175,baixo,99.39,0.199557
4.48087,moderado,99.35,0.299117
5.08133,alto,99.28,0.600463
5.18284,moderado,99.26,0.101508
5.58044,baixo,99.21,0.397604
6.08103,alto,99.15,0.500584
7.08088,moderado,99.04,0.999859
7.38097,alto,99,0.300088
7.78079,moderado,98.95,0.399816
8.08069,alto,98.91,0.2999
8.38011,moderado,98.87,0.299421
8.58163,baixo,98.84,0.201526
8.78968,moderado,98.81,0.208047
9.0904,baixo,98.77,0.300714
9.29134,moderado,98.74,0.200949
10.2885,alto,98.63,0.997127
10.5882,moderado,98.59,0.299719
10.6898,baixo,98.57,0.101618
10.9875,moderado,98.53,0.297669
11.2882,alto,98.49,0.300722
11.5403,moderado,98.46,0.25209
11.5979,alto,98.44,0.0576433
11.8984,moderado,98.4,0.300484
12.5981,baixo,98.32,0.69965
13.0957,moderado,98.26,0.497595
13.2998,alto,98.23,0.204155
13.4954,moderado,98.2,0.195556
13.5956,baixo,98.18,0.100189
13.6965,alto,98.16,0.100962
13.7955,baixo,98.14,0.0989331
14.0955,moderado,98.1,0.300019
14.4939,baixo,98.05,0.398403
14.5972,moderado,98.03,0.103316
14.8008,baixo,98,0.203651
14.8984,moderado,97.98,0.0975622
15.3939,alto,97.92,0.495447
15.6964,moderado,97.88,0.302519
15.8963,baixo,97.85,0.199942
16.4948,moderado,97.78,0.59848
16.594,baixo,97.76,0.0992186
16.793,moderado,97.73,0.198958
16.8965,baixo,97.71,0.103503
17.0005,moderado,97.69,0.104044
17.794,alto,97.6,0.793474
18.3963,moderado,97.53,0.602272
18.7952,baixo,97.48,0.398968
19.8966,moderado,97.36,1.10136
20.4943,baixo,97.29,0.597707
20.5956,alto,97.27,0.101294
20.8946,baixo,97.23,0.299026
21.4988,moderado,97.16,0.604192
21.6965,alto,97.13,0.197672
23.2948,moderado,96.96,1.59829
23.4947,baixo,96.93,0.199959
24.0993,moderado,96.86,0.60453
24.1985,alto,96.84,0.0992505
24.3979,moderado,96.81,0.199381
24.6025,alto,96.78,0.204587
24.6978,moderado,96.76,0.0953314
24.9001,baixo,96.73,0.20224
25.0022,alto,96.71,0.102143
25.5936,moderado,96.64,0.591358
26.7954,alto,96.51,1.20184
26.8982,moderado,96.49,0.102849
27.3945,alto,96.43,0.496211
27.6949,moderado,96.39,0.300489
28.3942,alto,96.31,0.699287
28.5995,baixo,96.28,0.205313
28.6984,moderado,96.26,0.0988337
28.7988,baixo,96.24,0.100467
28.9946,moderado,96.21,0.195783
29.3929,alto,96.16,0.398297
29.996,moderado,96.09,0.603067
30.3963,baixo,96.04,0.400277
31.0946,moderado,95.96,0.698339
32.1961,alto,95.84,1.10152
32.695,moderado,95.78,0.498866
32.7963,baixo,95.76,0.101361
33.1965,moderado,95.71,0.400147
33.7971,baixo,95.64,0.600637
35.0974,moderado,95.5,1.30027
35.3956,baixo,95.46,0.298189
35.497,moderado,95.44,0.10136
35.5984,baixo,95.42,0.101474
36.1984,moderado,95.35,0.599983
36.4961,alto,95.31,0.297654
36.9953,moderado,95.25,0.499227
37.2959,baixo,95.21,0.300642
37.3975,alto,95.19,0.101555
37.6952,moderado,95.15,0.29769
37.8985,baixo,95.12,0.203345
38.3942,moderado,95.06,0.495677
38.4987,alto,95.04,0.104493
39.3969,baixo,94.94,0.898224
39.6969,alto,94.9,0.300023
40.0965,baixo,94.85,0.399515
41.196,moderado,94.73,1.09954
41.5959,alto,94.68,0.399886
41.6997,moderado,94.66,0.103852
41.8958,alto,94.63,0.196113
42.0967,moderado,94.6,0.200836
42.1957,alto,94.58,0.0990301
42.3963,moderado,94.55,0.20058
42.5951,baixo,94.52,0.198827
42.7962,moderado,94.49,0.201045
42.8973,baixo,94.47,0.101136
43.1936,moderado,94.43,0.296333
43.3973,alto,94.4,0.203698
43.5958,moderado,94.37,0.198468
43.8972,baixo,94.33,0.301388
44.1964,moderado,94.29,0.299246
44.2985,baixo,94.27,0.10206
44.5931,moderado,94.23,0.294641
44.8969,alto,94.19,0.303727
44.9952,moderado,94.17,0.09838
45.4962,alto,94.11,0.500973
45.6967,baixo,94.08,0.200481
45.8997,moderado,94.05,0.203698
45.9951,baixo,94.03,0.095447
46.196,moderado,94,0.200826
46.3996,alto,93.97,0.203597
46.7971,moderado,93.92,0.397553
47.5974,baixo,93.83,0.800256
48.0953,moderado,93.77,0.497959
48.4949,baixo,93.72,0.39957
49.1956,moderado,93.64,0.700689
49.399,baixo,93.61,0.20341
49.4976,moderado,93.59,0.0986126
49.5972,baixo,93.57,0.0995468
49.6948,moderado,93.55,0.0976095
49.7964,alto,93.53,0.101636
50.2956,moderado,93.47,0.499219
50.6994,alto,93.42,0.403794
50.7998,moderado,93.4,0.100415
51.1929,baixo,93.35,0.393097
51.6953,moderado,93.29,0.50236
52.1945,baixo,93.23,0.499238
52.796,moderado,93.16,0.601427
52.8939,alto,93.14,0.0979636
52.9973,moderado,93.12,0.103382
53.1,alto,93.1,0.102656
53.8938,moderado,93.01,0.793814
54.8952,alto,92.9,1.00145
55.0966,moderado,92.87,0.20133
55.2979,alto,92.84,0.201351
55.5985,baixo,92.8,0.300603
55.699,moderado,92.78,0.1005
55.8983,baixo,92.75,0.199277
56.0969,moderado,92.72,0.198617
56.3943,alto,92.68,0.297439
56.7953,moderado,92.63,0.400922
56.8972,baixo,92.61,0.101934
57.1011,moderado,92.58,0.203857
57.2986,baixo,92.55,0.197509
57.3994,moderado,92.53,0.100838
57.498,baixo,92.51,0.098647
58.3953,moderado,92.41,0.897297
58.6956,alto,92.37,0.3003
58.7953,moderado,92.35,0.0996535
59.2935,baixo,92.29,0.498188
59.5965,moderado,92.25,0.303054
59.6959,alto,92.23,0.0994049
60.2962,moderado,92.16,0.600298
60.3962,baixo,92.14,0.0999692
60.5967,moderado,92.11,0.200452
60.7958,baixo,92.08,0.199139
62.1962,moderado,91.93,1.40037
62.6933,alto,91.87,0.497169
62.7973,moderado,91.85,0.103982
62.9999,alto,91.82,0.202572
63.2964,moderado,91.78,0.296507
63.3968,alto,91.76,0.100391
63.4989,moderado,91.74,0.102109
63.8952,baixo,91.69,0.396282
64.5943,moderado,91.61,0.699075
64.9931,baixo,91.56,0.398797
65.0962,moderado,91.54,0.103168
66.1953,alto,91.42,1.09905
66.2964,moderado,91.4,0.10112
66.4974,baixo,91.37,0.200992
66.7985,alto,91.33,0.301145
66.9981,moderado,91.3,0.199613
67.8949,alto,91.2,0.896747
68.0958,baixo,91.17,0.200939
68.1956,moderado,91.15,0.0997393
68.2979,alto,91.13,0.102377
68.496,moderado,91.1,0.198024
68.7948,baixo,91.06,0.298814
68.8955,moderado,91.04,0.10068
68.9971,alto,91.02,0.101588
69.2973,moderado,90.98,0.300223
69.496,baixo,90.95,0.198675
69.9935,moderado,90.89,0.49751
70.0936,baixo,90.87,0.10012
70.4972,moderado,90.82,0.403665
70.7003,baixo,90.79,0.203084
70.9946,moderado,90.75,0.294316
71.0957,baixo,90.73,0.101061
71.5947,moderado,90.67,0.498983
72.2951,baixo,90.59,0.700431
72.3989,moderado,90.57,0.103817
72.5002,baixo,90.55,0.101244
72.8939,alto,90.5,0.393753
73.3961,moderado,90.44,0.502169
74.0965,baixo,90.36,0.700372
74.1933,moderado,90.34,0.0968051
74.3938,alto,90.31,0.200482
74.7942,moderado,90.26,0.400395
74.8934,alto,90.24,0.0992555
75.4968,moderado,90.17,0.603401
75.6955,baixo,90.14,0.198647
76.1961,moderado,90.08,0.500613
76.2979,alto,90.06,0.101847
76.6953,baixo,90.01,0.397354
77.1981,moderado,89.95,0.50286
77.299,alto,89.93,0.10089
77.4969,moderado,89.9,0.197923
77.696,alto,89.87,0.199041
79.0972,moderado,89.72,1.40124
79.4945,alto,89.67,0.397309
80.197,moderado,89.59,0.702479
80.4965,baixo,89.55,0.299466
80.6001,moderado,89.53,0.103621
80.6972,alto,89.51,0.097075
81.3933,moderado,89.43,0.696094
81.795,baixo,89.38,0.401708
81.8968,moderado,89.36,0.101854
82.2958,baixo,89.31,0.398955
82.9964,moderado,89.23,0.700557
83.5991,alto,89.16,0.602732
83.7982,baixo,89.13,0.199095
83.9951,moderado,89.1,0.196931
84.0978,baixo,89.08,0.102702
84.5974,moderado,89.02,0.499577
85.0969,baixo,88.96,0.499472
85.2954,moderado,88.93,0.198561
85.3974,alto,88.91,0.101938
85.501,moderado,88.89,0.103651
85.5992,alto,88.87,0.0981578
85.895,baixo,88.83,0.29583
86.8936,moderado,88.72,0.998628
87.2944,baixo,88.67,0.400786
87.4974,moderado,88.64,0.203012
87.7962,alto,88.6,0.298796
87.898,moderado,88.58,0.101747
88.298,alto,88.53,0.40004
88.4989,baixo,88.5,0.200878
88.8957,moderado,88.45,0.396808
88.9949,baixo,88.43,0.099168
89.296,moderado,88.39,0.301135
89.8954,baixo,88.32,0.599379
90.0997,moderado,88.29,0.204359
90.5944,alto,88.23,0.494701
90.7976,moderado,88.2,0.203123
90.8989,alto,88.18,0.101368
90.9988,moderado,88.16,0.0999047
91.3972,baixo,88.11,0.398393
91.4968,moderado,88.09,0.09953
91.5965,baixo,88.07,0.0997787
91.6968,alto,88.05,0.100281
91.9967,moderado,88.01,0.299886
92.3954,alto,87.96,0.398728
92.6923,moderado,87.92,0.296843
92.795,baixo,87.9,0.102773
92.9994,moderado,87.87,0.204323
93.195,baixo,87.84,0.195622
93.4952,moderado,87.8,0.300189
93.8945,alto,87.75,0.399302
94.1953,moderado,87.71,0.300818
94.2981,alto,87.69,0.10285
94.5983,moderado,87.65,0.30011
94.6996,baixo,87.63,0.101342
94.8988,moderado,87.6,0.199227
95.3948,alto,87.54,0.495956
95.6,moderado,87.51,0.205227
96.1965,baixo,87.44,0.596538
96.795,moderado,87.37,0.598425
96.995,baixo,87.34,0.200078
97.3975,moderado,87.29,0.402475
97.9954,alto,87.22,0.597909
98.1991,baixo,87.19,0.203716
98.2982,moderado,87.17,0.09902
98.8931,alto,87.1,0.594922
99.3962,moderado,87.04,0.503103
99.6022,alto,87.01,0.205994
100.495,baixo,86.91,0.892966
100.996,moderado,86.85,0.500577
101.495,alto,86.79,0.499518
101.796,moderado,86.75,0.300539
101.996,alto,86.72,0.199977
102.596,moderado,86.65,0.600633
102.695,alto,86.63,0.0984499
103.196,moderado,86.57,0.500702
103.297,baixo,86.55,0.101134
103.503,alto,86.52,0.206034
103.599,moderado,86.5,0.0959147
103.697,baixo,86.48,0.0982982
104.196,moderado,86.42,0.499205
104.296,alto,86.4,0.0996113
104.397,moderado,86.38,0.100998
104.498,alto,86.36,0.101029
104.796,moderado,86.32,0.298436
104.995,baixo,86.29,0.199063
105.197,alto,86.26,0.201933
105.397,baixo,86.23,0.200004
105.997,moderado,86.16,0.599318
106.495,alto,86.1,0.498922
106.699,moderado,86.07,0.203816
107.297,baixo,86,0.597834
107.694,alto,85.95,0.397128
108.099,moderado,85.9,0.40475
108.393,baixo,85.86,0.294381
108.696,alto,85.82,0.302349
109.094,moderado,85.77,0.39845
109.797,baixo,85.69,0.70326
109.899,moderado,85.67,0.102066
110.697,baixo,85.58,0.797197
110.996,moderado,85.54,0.299343
111.1,baixo,85.52,0.104415
111.201,moderado,85.5,0.100724
111.395,baixo,85.47,0.194169
111.895,moderado,85.41,0.499443
112.397,alto,85.35,0.502314
112.595,baixo,85.32,0.197674
112.995,moderado,85.27,0.400211
113.296,alto,85.23,0.30101
113.695,moderado,85.18,0.39894
113.796,alto,85.16,0.100766
114.195,moderado,85.11,0.399586
114.496,baixo,85.07,0.300371
114.697,moderado,85.04,0.201457
114.797,baixo,85.02,0.0996162
115.193,moderado,84.97,0.396021
115.394,alto,84.94,0.201088
115.695,moderado,84.9,0.30096
116.496,baixo,84.81,0.801651
116.696,moderado,84.78,0.199503
116.994,alto,84.74,0.298038
117.198,moderado,84.71,0.204147
117.993,baixo,84.62,0.795109
118.097,alto,84.6,0.103511
118.595,moderado,84.54,0.498017
119.695,alto,84.42,1.10026
120.5,moderado,84.33,0.804802
120.793,baixo,84.29,0.293147
121.194,alto,84.24,0.401286
121.497,baixo,84.2,0.302261
121.599,moderado,84.18,0.102393
121.698,alto,84.16,0.0992563
122.096,moderado,84.11,0.398258
122.396,alto,84.07,0.299683
122.498,moderado,84.05,0.102075
122.596,alto,84.03,0.0982949
122.995,moderado,83.98,0.398501
123.397,alto,83.93,0.402489
123.596,baixo,83.9,0.198183
123.894,moderado,83.86,0.298846
124.196,alto,83.82,0.301501
124.498,baixo,83.78,0.302153
124.697,moderado,83.75,0.198889
125.098,baixo,83.7,0.400751
125.299,moderado,83.67,0.20159
125.397,alto,83.65,0.0975725
125.697,moderado,83.61,0.300062
126.196,baixo,83.55,0.499002
126.596,alto,83.5,0.399718
126.699,moderado,83.48,0.103761
127.296,alto,83.41,0.596873
127.398,moderado,83.39,0.101163
127.894,baixo,83.33,0.496632
127.995,moderado,83.31,0.100681
128.099,baixo,83.29,0.10377
128.496,alto,83.24,0.397541
128.895,moderado,83.19,0.399219
129.097,alto,83.16,0.201884
130.497,baixo,83.01,1.39936
130.895,moderado,82.96,0.398097
130.997,alto,82.94,0.102184
131.099,moderado,82.92,0.101998
131.301,alto,82.89,0.202545
131.496,moderado,82.86,0.1949
131.7,alto,82.83,0.204134
131.797,moderado,82.81,0.096257
131.898,baixo,82.79,0.101369
132.299,moderado,82.74,0.400526
133,alto,82.66,0.701407
133.101,moderado,82.64,0.101449
133.299,alto,82.61,0.197266
133.4,moderado,82.59,0.100893
133.603,alto,82.56,0.203582
133.697,moderado,82.54,0.0935435
133.9,alto,82.51,0.203465
134.197,moderado,82.47,0.296695
134.897,alto,82.39,0.699629
134.997,moderado,82.37,0.100052
135.097,alto,82.35,0.100604
135.299,baixo,82.32,0.202024
136.596,moderado,82.18,1.29648
137.095,alto,82.12,0.498927
137.298,moderado,82.09,0.203097
137.497,alto,82.06,0.199167
137.698,moderado,82.03,0.201453
138.193,alto,81.97,0.494725
138.297,moderado,81.95,0.103943
138.699,alto,81.9,0.401662
138.798,moderado,81.88,0.0992725
139.296,baixo,81.82,0.497931
139.398,moderado,81.8,0.102343
140.196,alto,81.71,0.797332
140.398,baixo,81.68,0.202202
140.695,moderado,81.64,0.297177
140.797,baixo,81.62,0.102349
141.197,moderado,81.57,0.399675
141.296,baixo,81.55,0.0993673
141.398,moderado,81.53,0.101305
142.2,alto,81.44,0.802545
142.696,moderado,81.38,0.495822
142.999,alto,81.34,0.302758
143.997,moderado,81.23,0.998097
144.096,alto,81.21,0.0987994
144.297,moderado,81.18,0.200957
144.396,baixo,81.16,0.0995654
144.794,alto,81.11,0.398068
145.394,moderado,81.04,0.599969
145.596,baixo,81.01,0.202125
146.096,moderado,80.95,0.499747
146.595,baixo,80.89,0.499151
146.799,moderado,80.86,0.20347
146.899,baixo,80.84,0.0998342
146.996,alto,80.82,0.0970327
147.1,moderado,80.8,0.103984
147.202,baixo,80.78,0.102534
148.396,moderado,80.65,1.19398
149.596,baixo,80.52,1.19993
150.294,moderado,80.44,0.698315
151.095,alto,80.35,0.801093
151.197,moderado,80.33,0.101556
151.895,baixo,80.25,0.697528
151.997,moderado,80.23,0.102255
152.196,baixo,80.2,0.199242
152.495,moderado,80.16,0.298918
152.697,baixo,80.13,0.202537
152.797,moderado,80.11,0.0995192
153.397,alto,80.04,0.599995
153.895,baixo,79.98,0.498457
153.997,moderado,79.96,0.101207
154.099,alto,79.94,0.102068
154.199,moderado,79.92,0.0999349
154.894,baixo,79.84,0.695335
155.195,moderado,79.8,0.301239
156.4,baixo,79.67,1.20503
156.596,moderado,79.64,0.196059
156.796,alto,79.61,0.199231
157.096,moderado,79.57,0.300105
157.795,alto,79.49,0.698968
157.995,moderado,79.46,0.200497
158.298,baixo,79.42,0.302832
158.399,moderado,79.4,0.101293
158.601,baixo,79.37,0.202048
158.698,moderado,79.35,0.0963271
159.094,alto,79.3,0.396394
159.698,moderado,79.23,0.603998
160.399,alto,79.15,0.701026
160.6,moderado,79.12,0.201375
161.396,baixo,79.03,0.795871
161.797,moderado,78.98,0.400474
162.093,baixo,78.94,0.296461
162.195,moderado,78.92,0.102129
162.697,baixo,78.86,0.501692
162.9,moderado,78.83,0.203275
162.996,baixo,78.81,0.0953927
163.697,moderado,78.73,0.701437
163.798,baixo,78.71,0.101345
164.095,moderado,78.67,0.296617
164.497,alto,78.62,0.401862
164.595,moderado,78.6,0.0982959
165.196,alto,78.53,0.60108
165.695,moderado,78.47,0.498425
166.199,alto,78.41,0.503759
166.397,moderado,78.38,0.19843
166.695,baixo,78.34,0.297924
166.901,moderado,78.31,0.205782
168.1,baixo,78.18,1.19985
168.401,moderado,78.14,0.300432
168.5,baixo,78.12,0.0993715
168.601,moderado,78.1,0.10064
168.701,baixo,78.08,0.100297
169.094,moderado,78.03,0.392615
169.499,baixo,77.98,0.404862
169.598,moderado,77.96,0.0988694
170.294,alto,77.88,0.696401
170.396,moderado,77.86,0.102292
170.499,baixo,77.84,0.102481
170.599,moderado,77.82,0.100719
170.895,alto,77.78,0.295838
170.998,moderado,77.76,0.102836
171.097,alto,77.74,0.0989778
171.398,baixo,77.7,0.300671
171.498,moderado,77.68,0.100327
171.7,baixo,77.65,0.202046
171.795,moderado,77.63,0.0951467
172.396,alto,77.56,0.600962
172.597,moderado,77.53,0.200495
172.695,baixo,77.51,0.0986718
172.896,moderado,77.48,0.200931
173.298,baixo,77.43,0.401144
173.398,moderado,77.41,0.100127
173.895,alto,77.35,0.497467
174.297,moderado,77.3,0.401761
174.401,baixo,77.28,0.104046
174.498,moderado,77.26,0.0973335
174.899,alto,77.21,0.40074
175,baixo,77.19,0.101469
175.298,moderado,77.15,0.297104
175.696,baixo,77.1,0.397993
176,alto,77.06,0.304444
176.496,moderado,77,0.49598
176.795,alto,76.96,0.299189
176.895,moderado,76.94,0.0994282
177.194,baixo,76.9,0.29937
177.296,alto,76.88,0.101611
177.398,moderado,76.86,0.102809
177.499,alto,76.84,0.100969
177.599,moderado,76.82,0.100137
177.699,alto,76.8,0.0999068
177.899,moderado,76.77,0.199818
178.199,baixo,76.73,0.299524
178.897,moderado,76.65,0.698715
178.999,baixo,76.63,0.101541
179.197,moderado,76.6,0.197597
179.296,baixo,76.58,0.0993528
179.399,moderado,76.56,0.102624
180.094,baixo,76.48,0.695419
180.195,alto,76.46,0.10107
180.399,moderado,76.43,0.203555
180.497,baixo,76.41,0.0982799
180.597,moderado,76.39,0.100213
180.994,alto,76.34,0.397339
181.495,moderado,76.28,0.5005
182.096,baixo,76.21,0.600772
182.296,moderado,76.18,0.200417
183.699,alto,76.03,1.40247
184.299,moderado,75.96,0.599927
184.794,baixo,75.9,0.49592
185.194,moderado,75.85,0.399896
185.299,baixo,75.83,0.104343
185.596,moderado,75.79,0.297405
185.7,alto,75.77,0.103835
185.896,moderado,75.74,0.195974
186.296,alto,75.69,0.399849
186.497,moderado,75.66,0.201623
186.696,baixo,75.63,0.198888
186.796,moderado,75.61,0.0996411
187.396,alto,75.54,0.600337
187.596,moderado,75.51,0.199615
188.294,alto,75.43,0.698212
188.4,baixo,75.41,0.106077
189.1,moderado,75.33,0.699614
189.394,alto,75.29,0.293861
189.696,moderado,75.25,0.302563
189.794,baixo,75.23,0.0980418
189.995,alto,75.2,0.20065
190.495,moderado,75.14,0.499722
190.699,baixo,75.11,0.204794
190.995,moderado,75.07,0.295178
191.295,alto,75.03,0.300398
191.693,moderado,74.98,0.398422
191.893,baixo,74.95,0.199636
192.398,moderado,74.89,0.504682
192.892,alto,74.83,0.494547
192.996,moderado,74.81,0.103872
193.098,baixo,74.79,0.101428
193.298,moderado,74.76,0.20021
193.397,alto,74.74,0.099585
193.496,moderado,74.72,0.0988181
193.894,baixo,74.67,0.398105
193.995,moderado,74.65,0.100454
194.097,alto,74.63,0.102516
194.399,moderado,74.59,0.301759
195.099,alto,74.51,0.699655
195.299,moderado,74.48,0.200674
195.798,alto,74.42,0.498342
195.899,baixo,74.4,0.100854
196.396,alto,74.34,0.497837
196.599,moderado,74.31,0.202414
196.798,baixo,74.28,0.199462
196.9,moderado,74.26,0.10225
197.695,baixo,74.17,0.79464
197.994,moderado,74.13,0.298857
198.696,alto,74.05,0.701819
199.495,moderado,73.96,0.799298
199.7,baixo,73.93,0.204407
199.801,moderado,73.91,0.101393
200.596,baixo,73.82,0.795536
200.798,moderado,73.79,0.201274
201.193,baixo,73.74,0.395306
201.495,alto,73.7,0.301721
201.899,moderado,73.65,0.404047
202.297,baixo,73.6,0.398581
203.194,moderado,73.5,0.89695
203.599,baixo,73.45,0.404825
204.198,moderado,73.38,0.599276
204.298,alto,73.36,0.0991169
204.696,moderado,73.31,0.398806
204.896,baixo,73.28,0.199188
205.295,moderado,73.23,0.39996
205.498,baixo,73.2,0.202563
206.097,moderado,73.13,0.59876
206.201,alto,73.11,0.104573
206.3,moderado,73.09,0.0981791
206.399,alto,73.07,0.0996753
206.696,moderado,73.03,0.297011
206.996,alto,72.99,0.299676
207.199,moderado,72.96,0.2028
207.796,baixo,72.89,0.597159
208.1,moderado,72.85,0.303721
208.299,alto,72.82,0.198947
208.595,moderado,72.78,0.29692
208.695,baixo,72.76,0.0998164
209.295,moderado,72.69,0.59978
209.399,alto,72.67,0.103744
209.5,baixo,72.65,0.101459
210.397,moderado,72.55,0.896464
210.796,alto,72.5,0.398814
210.997,moderado,72.47,0.201365
211.194,baixo,72.44,0.196664
211.499,moderado,72.4,0.305349
212.995,baixo,72.24,1.4959
213.292,moderado,72.2,0.297136
213.394,alto,72.18,0.102505
213.499,moderado,72.16,0.104472
214.195,alto,72.08,0.695708
214.299,moderado,72.06,0.104211
214.499,alto,72.03,0.199654
216.096,moderado,71.86,1.59727
216.598,baixo,71.8,0.502237
216.699,moderado,71.78,0.100682
216.798,baixo,71.76,0.0996352
217.094,moderado,71.72,0.295771
217.299,baixo,71.69,0.204928
217.994,alto,71.61,0.694723
218.395,moderado,71.56,0.400953
218.6,alto,71.53,0.205324
218.797,moderado,71.5,0.197173
219.097,alto,71.46,0.299619
219.798,moderado,71.38,0.70074
220.194,baixo,71.33,0.396909
220.295,moderado,71.31,0.100411
220.498,baixo,71.28,0.20285
221.298,moderado,71.19,0.800749
221.496,alto,71.16,0.197963
221.995,moderado,71.1,0.498331
222.094,alto,71.08,0.0994094
222.302,moderado,71.05,0.207497
222.594,alto,71.01,0.292617
222.798,moderado,70.98,0.203436
222.898,alto,70.96,0.100387
223.096,moderado,70.93,0.197724
223.397,baixo,70.89,0.301353
224.096,moderado,70.81,0.698348
224.495,baixo,70.76,0.399818
225.099,moderado,70.69,0.603965
225.196,baixo,70.67,0.0962491
225.298,moderado,70.65,0.102844
225.498,alto,70.62,0.19953
226.095,baixo,70.55,0.597334
226.198,moderado,70.53,0.102335
226.695,alto,70.47,0.496923
226.897,moderado,70.44,0.201969
227.097,baixo,70.41,0.200185
227.698,moderado,70.34,0.60166
228.095,baixo,70.29,0.3963
228.198,moderado,70.27,0.102856
228.396,alto,70.24,0.198457
229.296,moderado,70.14,0.900475
229.499,baixo,70.11,0.202324
229.894,moderado,70.06,0.394747
230.395,baixo,70,0.501526
230.895,moderado,69.94,0.499527
231.096,alto,69.91,0.201708
231.199,baixo,69.89,0.102841
231.596,moderado,69.84,0.397354
231.797,baixo,69.81,0.200878
232.095,moderado,69.77,0.297655
232.299,baixo,69.74,0.20445
232.397,moderado,69.72,0.0978745
232.496,baixo,69.7,0.0986633
232.599,alto,69.68,0.103264
232.797,baixo,69.65,0.198079
233.295,moderado,69.59,0.497602
233.396,alto,69.57,0.100726
233.497,moderado,69.55,0.101145
234.095,alto,69.48,0.598032
234.197,moderado,69.46,0.102068
234.598,alto,69.41,0.400678
234.696,moderado,69.39,0.0985706
234.797,alto,69.37,0.101166
235.397,moderado,69.3,0.599199
235.496,baixo,69.28,0.099795
235.598,moderado,69.26,0.101733
235.701,alto,69.24,0.102646
235.896,moderado,69.21,0.195779
235.995,alto,69.19,0.0985069
236.596,baixo,69.12,0.600657
236.697,moderado,69.1,0.101671
236.799,baixo,69.08,0.101753
236.996,moderado,69.05,0.197218
237.293,baixo,69.01,0.29702
237.595,moderado,68.97,0.301924
238.195,baixo,68.9,0.59952
238.594,moderado,68.85,0.399358
238.695,baixo,68.83,0.101035
239.098,moderado,68.78,0.402801
239.496,baixo,68.73,0.397768
240.5,moderado,68.62,1.00472
240.794,baixo,68.58,0.29403
241.295,alto,68.52,0.50079
242.099,moderado,68.43,0.803637
242.197,alto,68.41,0.0978506
242.298,moderado,68.39,0.101345
242.794,alto,68.33,0.495648
242.997,baixo,68.3,0.203707
243.197,alto,68.27,0.199663
243.498,moderado,68.23,0.301044
243.599,alto,68.21,0.100683
244.096,moderado,68.15,0.497581
244.199,baixo,68.13,0.102169
244.597,moderado,68.08,0.398448
245.095,baixo,68.02,0.4977
245.197,moderado,68,0.102283
245.494,baixo,67.96,0.297415
246.395,moderado,67.86,0.900518
246.896,baixo,67.8,0.500934
247.398,moderado,67.74,0.502267
247.895,baixo,67.68,0.496547
247.997,moderado,67.66,0.101916
248.795,alto,67.57,0.798157
249.196,moderado,67.52,0.40148
249.298,baixo,67.5,0.101485
249.4,moderado,67.48,0.102678
249.698,baixo,67.44,0.297987
249.897,alto,67.41,0.198251
250.697,moderado,67.32,0.800072
251.294,baixo,67.25,0.597427
251.499,alto,67.22,0.204633
251.601,moderado,67.2,0.102312
251.895,baixo,67.16,0.293634
252.098,alto,67.13,0.203557
252.397,moderado,67.09,0.298476
253,baixo,67.02,0.602873
253.196,alto,66.99,0.196224
253.296,moderado,66.97,0.100014
253.499,baixo,66.94,0.203197
253.898,moderado,66.89,0.398717
254.497,alto,66.82,0.598725
255.096,moderado,66.75,0.599665
255.196,baixo,66.73,0.0994245
255.996,alto,66.64,0.800021
256.694,moderado,66.56,0.698269
257,baixo,66.52,0.306027
257.098,moderado,66.5,0.0976843
257.798,alto,66.42,0.700129
258.294,baixo,66.36,0.496613
258.596,alto,66.32,0.301667
259.893,moderado,66.18,1.29707
260.496,baixo,66.11,0.60267
260.896,moderado,66.06,0.399981
261.101,alto,66.03,0.205202
261.395,moderado,65.99,0.293929
261.598,baixo,65.96,0.203172
261.796,moderado,65.93,0.198456
261.995,baixo,65.9,0.198441
262.594,alto,65.83,0.599546
262.895,baixo,65.79,0.300221
263.394,alto,65.73,0.498923
263.495,moderado,65.71,0.101219
263.696,alto,65.68,0.200692
263.8,baixo,65.66,0.104355
264.397,moderado,65.59,0.596959
264.797,baixo,65.54,0.399951
265.096,alto,65.5,0.29928
265.396,moderado,65.46,0.299894
266.194,alto,65.37,0.79837
266.299,moderado,65.35,0.104961
266.501,alto,65.32,0.201396
266.697,moderado,65.29,0.196543
266.995,alto,65.25,0.298036
267.1,moderado,65.23,0.104318
267.595,alto,65.17,0.495757
268.099,moderado,65.11,0.50411
268.199,baixo,65.09,0.0991766
268.395,moderado,65.06,0.196228
268.796,baixo,65.01,0.401316
268.993,moderado,64.98,0.197002
269.296,alto,64.94,0.302911
269.696,moderado,64.89,0.400245
269.795,alto,64.87,0.0989374
269.995,moderado,64.84,0.199727
270.496,alto,64.78,0.50077
270.7,moderado,64.75,0.20392
271.394,baixo,64.67,0.694539
271.597,moderado,64.64,0.202745
271.799,alto,64.61,0.202375
271.999,baixo,64.58,0.199497
272.097,moderado,64.56,0.0982375
272.298,alto,64.53,0.200886
272.801,baixo,64.47,0.503344
273.199,alto,64.42,0.397199
273.398,baixo,64.39,0.199529
273.498,moderado,64.37,0.100174
273.896,baixo,64.32,0.397681
273.998,moderado,64.3,0.102059
274.294,baixo,64.26,0.296383
274.695,moderado,64.21,0.400869
274.796,alto,64.19,0.100857
274.996,moderado,64.16,0.199487
275.297,baixo,64.12,0.301463
275.596,moderado,64.08,0.299196
276.193,baixo,64.01,0.597277
276.496,moderado,63.97,0.302904
276.596,alto,63.95,0.0998837
276.995,moderado,63.9,0.398895
277.194,baixo,63.87,0.198993
277.295,moderado,63.85,0.100482
277.996,baixo,63.77,0.701411
278.595,moderado,63.7,0.59938
278.895,alto,63.66,0.299506
279.696,moderado,63.57,0.800854
280.496,alto,63.48,0.800094
280.597,baixo,63.46,0.100737
280.998,moderado,63.41,0.401186
281.798,alto,63.32,0.800155
281.996,baixo,63.29,0.19758
282.197,alto,63.26,0.201211
282.4,moderado,63.23,0.203711
282.495,baixo,63.21,0.094473
282.702,moderado,63.18,0.206551
282.995,baixo,63.14,0.293505
283.395,moderado,63.09,0.39988
283.695,alto,63.05,0.299626
283.896,moderado,63.02,0.201297
284.595,alto,62.94,0.699267
284.896,baixo,62.9,0.301122
286,moderado,62.78,1.10346
286.1,baixo,62.76,0.09995
286.199,moderado,62.74,0.0994344
286.497,baixo,62.7,0.297893
286.996,moderado,62.64,0.499263
287.396,baixo,62.59,0.400072
287.5,moderado,62.57,0.103384
287.7,baixo,62.54,0.199883
287.799,moderado,62.52,0.0995917
287.997,baixo,62.49,0.197528
288.297,moderado,62.45,0.300018
288.796,baixo,62.39,0.499063
289.596,moderado,62.3,0.800077
289.699,baixo,62.28,0.103445
289.998,moderado,62.24,0.298454
290.695,alto,62.16,0.697071
290.994,moderado,62.12,0.298794
291.097,alto,62.1,0.103751
291.299,moderado,62.07,0.201324
291.397,baixo,62.05,0.0980164
291.598,moderado,62.02,0.201051
291.995,alto,61.97,0.396983
293.497,moderado,61.81,1.50234
293.895,baixo,61.76,0.398895
294.499,moderado,61.69,0.603815
294.6,alto,61.67,0.100703
295.197,moderado,61.6,0.597445
295.598,baixo,61.55,0.400723
295.995,moderado,61.5,0.397347
296.499,alto,61.44,0.503788
296.696,moderado,61.41,0.196963
297.196,alto,61.35,0.500352
297.496,moderado,61.31,0.299499
297.699,alto,61.28,0.20319
298.899,moderado,61.15,1.19992
299.196,baixo,61.11,0.297515
299.595,moderado,61.06,0.398253
300,alto,61.01,0.405387
300.293,moderado,60.97,0.292994
300.595,baixo,60.93,0.301893
300.893,moderado,60.89,0.298309
301.294,alto,60.84,0.401289
301.497,baixo,60.81,0.20258
301.598,alto,60.79,0.101119
302.095,moderado,60.73,0.497248
302.394,baixo,60.69,0.299035
303.096,moderado,60.61,0.701312
303.597,alto,60.55,0.501293
304.695,baixo,60.43,1.09786
305.1,alto,60.38,0.404775
305.196,moderado,60.36,0.0968076
305.398,baixo,60.33,0.201496
305.795,moderado,60.28,0.397513
306.096,baixo,60.24,0.300696
306.598,moderado,60.18,0.501933
306.896,alto,60.14,0.297744
307.595,moderado,60.06,0.699253
307.796,alto,60.03,0.200662
308.194,moderado,59.98,0.398217
308.598,alto,59.93,0.404277
309.1,moderado,59.87,0.501767
309.197,alto,59.85,0.0970277
310.498,moderado,59.71,1.30077
311.198,baixo,59.63,0.699917
311.698,moderado,59.57,0.499857
311.796,baixo,59.55,0.0984243
311.898,moderado,59.53,0.102399
312.001,alto,59.51,0.102561
312.496,moderado,59.45,0.495184
312.599,alto,59.43,0.103195
313.095,moderado,59.37,0.495972
313.298,alto,59.34,0.20277
313.397,moderado,59.32,0.0993558
314.394,alto,59.21,0.996559
314.594,baixo,59.18,0.200119
314.795,moderado,59.15,0.200625
314.895,baixo,59.13,0.100654
314.995,moderado,59.11,0.100035
315.394,baixo,59.06,0.398875
315.596,moderado,59.03,0.201461
315.801,alto,59,0.204884
315.9,moderado,58.98,0.0988519
316.393,alto,58.92,0.493918
317.495,moderado,58.8,1.10169
318.794,baixo,58.66,1.29842
318.896,alto,58.64,0.102463
318.997,moderado,58.62,0.100507
319.097,baixo,58.6,0.100704
319.197,moderado,58.58,0.100164
319.296,baixo,58.56,0.0987577
319.497,moderado,58.53,0.200672
319.893,alto,58.48,0.396366
320.101,moderado,58.45,0.207391
320.299,baixo,58.42,0.198899
320.594,alto,58.38,0.294347
321.197,moderado,58.31,0.603246
321.398,baixo,58.28,0.201034
321.497,moderado,58.26,0.0990789
321.697,baixo,58.23,0.199637
321.994,moderado,58.19,0.296799
322.296,baixo,58.15,0.302118
322.398,moderado,58.13,0.102668
322.901,baixo,58.07,0.502493
323.395,alto,58.01,0.494377
323.695,moderado,57.97,0.300101
323.796,baixo,57.95,0.100329
323.899,moderado,57.93,0.102932
324.199,baixo,57.89,0.300124
324.396,alto,57.86,0.197035
324.597,moderado,57.83,0.201549
324.895,baixo,57.79,0.297863
325.096,moderado,57.76,0.20122
325.395,alto,57.72,0.298308
325.792,moderado,57.67,0.397667
326.197,baixo,57.62,0.404249
326.296,moderado,57.6,0.0992018
326.598,baixo,57.56,0.301718
326.694,moderado,57.54,0.0962071
327.398,baixo,57.46,0.704542
327.499,moderado,57.44,0.100775
327.796,alto,57.4,0.297191
328.195,moderado,57.35,0.398546
328.297,baixo,57.33,0.101955
328.397,moderado,57.31,0.10025
328.496,baixo,57.29,0.098907
328.699,moderado,57.26,0.203505
329.192,alto,57.2,0.492639
329.396,moderado,57.17,0.203885
330.194,alto,57.08,0.797798
330.298,baixo,57.06,0.104615
330.404,moderado,57.04,0.105519
330.502,baixo,57.02,0.0985732
330.601,moderado,57,0.09808
330.699,alto,56.98,0.0979837
330.798,baixo,56.96,0.0996186
330.897,moderado,56.94,0.0989999
331.495,baixo,56.87,0.597437
331.893,moderado,56.82,0.398518
332.197,alto,56.78,0.303488
332.398,moderado,56.75,0.200941
332.597,baixo,56.72,0.199033
332.897,moderado,56.68,0.299993
332.995,baixo,56.66,0.0982026
333.298,moderado,56.62,0.303426
333.399,baixo,56.6,0.100831
333.497,moderado,56.58,0.0981839
333.599,alto,56.56,0.10162
333.995,moderado,56.51,0.396058
334.199,baixo,56.48,0.20374
334.297,moderado,56.46,0.0985469
334.592,baixo,56.42,0.295317
334.798,moderado,56.39,0.205631
334.896,alto,56.37,0.0979628
335.195,baixo,56.33,0.299071
335.495,moderado,56.29,0.300306
335.601,baixo,56.27,0.105711
335.701,moderado,56.25,0.0996446
335.896,alto,56.22,0.195609
336.196,moderado,56.18,0.299601
336.596,alto,56.13,0.399806
336.696,moderado,56.11,0.0998413
336.795,baixo,56.09,0.0998237
337.195,alto,56.04,0.399328
337.795,moderado,55.97,0.599866
339.296,alto,55.81,1.50114
339.396,moderado,55.79,0.100252
339.694,baixo,55.75,0.297904
339.897,moderado,55.72,0.202918
340.194,baixo,55.68,0.297491
340.297,moderado,55.66,0.102758
340.696,baixo,55.61,0.399278
341.195,moderado,55.55,0.498414
341.895,alto,55.47,0.699951
342.096,moderado,55.44,0.201265
342.397,baixo,55.4,0.301167
342.496,moderado,55.38,0.0989227
342.597,baixo,55.36,0.100459
342.697,moderado,55.34,0.100824
342.896,alto,55.31,0.198544
343.293,moderado,55.26,0.397393
343.498,baixo,55.23,0.204334
343.696,moderado,55.2,0.198174
343.901,baixo,55.17,0.204748
344.193,moderado,55.13,0.292839
344.993,alto,55.04,0.799532
345.094,moderado,55.02,0.101142
345.199,alto,55,0.10439
345.398,moderado,54.97,0.199737
345.597,alto,54.94,0.198263
346.497,baixo,54.84,0.900153
346.797,moderado,54.8,0.30037
346.896,baixo,54.78,0.0984785
346.996,moderado,54.76,0.100524
347.299,alto,54.72,0.302833
347.695,moderado,54.67,0.395949
347.899,alto,54.64,0.204339
347.996,moderado,54.62,0.0968732
348.595,alto,54.55,0.599134
349.195,moderado,54.48,0.599784
349.997,alto,54.39,0.801976
350.098,moderado,54.37,0.100887
350.496,alto,54.32,0.398125
350.697,moderado,54.29,0.200935
350.898,baixo,54.26,0.201196
351.195,moderado,54.22,0.296882
351.898,alto,54.14,0.703062
352.296,baixo,54.09,0.397524
352.593,moderado,54.05,0.297579
352.797,baixo,54.02,0.204298
353.096,moderado,53.98,0.298955
353.7,baixo,53.91,0.603965
353.901,moderado,53.88,0.200166
353.997,alto,53.86,0.0965164
354.198,moderado,53.83,0.2014
354.694,alto,53.77,0.495364
354.795,moderado,53.75,0.101629
354.899,baixo,53.73,0.103093
354.997,moderado,53.71,0.0981687
355.097,alto,53.69,0.100587
355.395,moderado,53.65,0.297498
355.896,alto,53.59,0.501232
355.997,moderado,53.57,0.101181
356.294,alto,53.53,0.296953
356.697,moderado,53.48,0.402589
357.397,baixo,53.4,0.699827
357.598,moderado,53.37,0.201065
358.598,alto,53.26,1.00076
359.795,moderado,53.13,1.19685
359.896,baixo,53.11,0.100923
360.197,moderado,53.07,0.30056
360.297,alto,53.05,0.100239
360.399,moderado,53.03,0.101997
360.496,alto,53.01,0.0975614
360.995,moderado,52.95,0.498269
361.297,baixo,52.91,0.301797
361.597,moderado,52.87,0.300538
361.695,baixo,52.85,0.0981187
362.094,moderado,52.8,0.399017
362.195,baixo,52.78,0.101139
362.597,alto,52.73,0.401496
362.7,moderado,52.71,0.102955
362.898,baixo,52.68,0.198525
362.997,moderado,52.66,0.0990617
364.095,baixo,52.54,1.0971
364.497,moderado,52.49,0.402602
365.594,baixo,52.37,1.09707
366.195,moderado,52.3,0.601278
366.993,alto,52.21,0.797703
367.197,baixo,52.18,0.204222
367.299,moderado,52.16,0.101341
367.399,baixo,52.14,0.100617
367.695,alto,52.1,0.296117
368,moderado,52.06,0.304366
368.896,alto,51.96,0.896101
368.997,moderado,51.94,0.10116
369.198,baixo,51.91,0.201256
369.493,moderado,51.87,0.294821
369.899,alto,51.82,0.405864
369.998,moderado,51.8,0.0985109
370.296,alto,51.76,0.298394
370.397,moderado,51.74,0.101213
370.6,alto,51.71,0.202502
370.8,moderado,51.68,0.200709
370.997,alto,51.65,0.197111
372.098,moderado,51.53,1.10096
372.198,baixo,51.51,0.0998819
372.298,moderado,51.49,0.0992863
372.497,alto,51.46,0.199683
372.795,moderado,51.42,0.29744
372.996,baixo,51.39,0.201708
373.196,moderado,51.36,0.199951
374.696,baixo,51.2,1.49989
375.195,alto,51.14,0.498986
375.295,moderado,51.12,0.100093
375.596,baixo,51.08,0.301091
375.799,alto,51.05,0.202593
375.895,moderado,51.03,0.0962842
376.098,baixo,51,0.202244
376.996,moderado,50.9,0.898176
377.098,baixo,50.88,0.102431
377.198,moderado,50.86,0.100266
377.697,baixo,50.8,0.498616
377.994,moderado,50.76,0.296549
378.298,alto,50.72,0.304131
378.594,baixo,50.68,0.29616
378.696,moderado,50.66,0.101725
378.895,alto,50.63,0.199083
379.301,moderado,50.58,0.405976
379.896,alto,50.51,0.595281
380.995,moderado,50.39,1.09894
381.294,alto,50.35,0.299524
381.598,moderado,50.31,0.304053
381.798,baixo,50.28,0.19953
382.095,moderado,50.24,0.297262
382.299,baixo,50.21,0.203533
382.495,alto,50.18,0.196515
382.794,baixo,50.14,0.298421
383.695,moderado,50.04,0.903948
383.899,alto,50.01,0.203949
383.996,baixo,49.99,0.0977521
384.098,moderado,49.97,0.101189
384.299,baixo,49.94,0.201176
384.593,moderado,49.9,0.294491
384.797,alto,49.87,0.203563
385.096,moderado,49.83,0.298706
385.197,alto,49.81,0.101712
385.3,moderado,49.79,0.102568
385.595,alto,49.75,0.295557
385.897,moderado,49.71,0.301823
387.096,baixo,49.58,1.1987
387.897,alto,49.49,0.801064
388.397,moderado,49.43,0.499992
388.601,baixo,49.4,0.2036
389.097,moderado,49.34,0.496423
389.399,baixo,49.3,0.302441
389.697,moderado,49.26,0.29744
389.894,baixo,49.23,0.196652
389.996,moderado,49.21,0.102254
390.395,baixo,49.16,0.399201
390.598,moderado,49.13,0.20258
390.796,alto,49.1,0.198519
390.895,moderado,49.08,0.0993888
391.394,alto,49.02,0.498566
391.598,moderado,48.99,0.203725
391.699,baixo,48.97,0.10173
392.297,alto,48.9,0.597401
392.596,baixo,48.86,0.299123
392.796,moderado,48.83,0.200275
392.896,alto,48.81,0.099556
393.294,moderado,48.76,0.398206
393.5,baixo,48.73,0.205875
393.896,moderado,48.68,0.39627
393.995,baixo,48.66,0.0989171
394.797,moderado,48.57,0.801549
394.997,baixo,48.54,0.200417
395.295,moderado,48.5,0.297421
396.095,alto,48.41,0.800322
396.196,moderado,48.39,0.100922
397.395,baixo,48.26,1.19917
397.498,moderado,48.24,0.103443
397.698,alto,48.21,0.199861
397.796,moderado,48.19,0.0975085
398.195,baixo,48.14,0.39887
398.396,moderado,48.11,0.201288
398.496,alto,48.09,0.099669
398.995,moderado,48.03,0.499117
399.098,alto,48.01,0.102949
399.197,baixo,47.99,0.0994817
399.495,moderado,47.95,0.298023
399.699,alto,47.92,0.203835
399.898,moderado,47.89,0.199472
400.098,alto,47.86,0.199196
400.993,moderado,47.76,0.895597
401.399,baixo,47.71,0.406123
401.695,moderado,47.67,0.296079
401.798,baixo,47.65,0.102788
401.899,alto,47.63,0.101025
401.996,moderado,47.61,0.097155
402.196,alto,47.58,0.199403
402.495,baixo,47.54,0.29946
402.697,moderado,47.51,0.201455
402.795,alto,47.49,0.0985127
403.098,moderado,47.45,0.302404
403.296,baixo,47.42,0.198525
403.399,moderado,47.4,0.102644
403.5,alto,47.38,0.101502
404.095,moderado,47.31,0.594751
404.298,alto,47.28,0.202673
405.196,baixo,47.18,0.898111
406.297,moderado,47.06,1.10134
406.695,baixo,47.01,0.397594
406.795,moderado,46.99,0.100312
406.9,baixo,46.97,0.104512
407.297,moderado,46.92,0.397659
407.397,alto,46.9,0.0999387
408.095,moderado,46.82,0.697865
408.595,alto,46.76,0.49994
409.198,moderado,46.69,0.602819
409.399,baixo,46.66,0.201099
409.499,moderado,46.64,0.0998039
409.697,alto,46.61,0.198214
409.899,moderado,46.58,0.201648
410.596,alto,46.5,0.697702
411.096,moderado,46.44,0.500132
411.496,alto,46.39,0.399242
411.695,moderado,46.36,0.199792
411.796,baixo,46.34,0.10048
