Tref:,1514238301,0.403001,=B1+C1

ID, Battery Level, Actual Sensor Risk Status, Collected Sensor Status, Data Sent?, T sensornode.collected (s), Tinst sensornode.collected (s)
9,99.97,low,low,false,1.06105,=H4+ I4,1514238302,0.464053
9,99.94,low,low,false,2.06646,=H5+ I5,1514238303,0.469466
9,99.91,low,low,false,3.07357,=H6+ I6,1514238304,0.476568
9,99.88,low,low,false,4.0786,=H7+ I7,1514238305,0.481601
9,99.85,low,low,false,5.12756,=H8+ I8,1514238306,0.530558
9,99.82,low,low,false,6.12726,=H9+ I9,1514238307,0.530262
9,99.79,low,low,false,7.2083,=H10+ I10,1514238308,0.611304
9,99.76,low,low,false,8.33278,=H11+ I11,1514238309,0.735777
9,99.73,low,low,false,9.54156,=H12+ I12,1514238310,0.94456
9,99.7,low,low,false,10.7671,=H13+ I13,1514238312,0.170096
9,99.67,low,high,false,12.0233,=H14+ I14,1514238313,0.426323
9,99.64,low,moderate,false,13.2909,=H15+ I15,1514238314,0.693948
9,99.61,low,high,false,14.5262,=H16+ I16,1514238315,0.929244
9,99.58,low,low,false,15.7683,=H17+ I17,1514238317,0.171254
9,99.54,high,high,true,17.0158,=H18+ I18,1514238318,0.418825
9,99.519,high,high,false,17.1414,=H19+ I19,1514238318,0.544426
9,99.498,high,high,false,17.2652,=H20+ I20,1514238318,0.668217
9,99.477,high,high,false,17.3876,=H21+ I21,1514238318,0.790569
9,99.456,high,high,false,17.5101,=H22+ I22,1514238318,0.91315
9,99.435,high,high,false,17.6325,=H23+ I23,1514238319,0.0355133
9,99.414,high,high,false,17.757,=H24+ I24,1514238319,0.15996
9,99.393,high,high,false,17.8792,=H25+ I25,1514238319,0.282221
9,99.372,high,high,false,18.0053,=H26+ I26,1514238319,0.408285
9,99.351,high,high,false,18.1322,=H27+ I27,1514238319,0.535172
9,99.33,high,high,false,18.2598,=H28+ I28,1514238319,0.662753
9,99.309,high,high,false,18.3876,=H29+ I29,1514238319,0.790578
9,99.288,high,high,false,18.515,=H30+ I30,1514238319,0.918015
9,99.267,high,high,false,18.6364,=H31+ I31,1514238320,0.0393586
9,99.246,high,high,false,18.7624,=H32+ I32,1514238320,0.165355
9,99.225,high,high,false,18.8866,=H33+ I33,1514238320,0.289642
9,99.204,high,high,false,19.0121,=H34+ I34,1514238320,0.415053
9,99.183,high,high,false,19.1342,=H35+ I35,1514238320,0.537155
9,99.162,high,high,false,19.2589,=H36+ I36,1514238320,0.661902
9,99.141,high,high,false,19.3875,=H37+ I37,1514238320,0.790474
9,99.12,high,high,false,19.514,=H38+ I38,1514238320,0.917043
9,99.099,high,high,false,19.6402,=H39+ I39,1514238321,0.0431667
9,99.078,high,high,false,19.7709,=H40+ I40,1514238321,0.173898
9,99.057,high,high,false,19.8928,=H41+ I41,1514238321,0.295787
9,99.036,high,high,false,20.0174,=H42+ I42,1514238321,0.420373
9,99.015,high,high,false,20.1385,=H43+ I43,1514238321,0.541535
9,98.994,high,high,false,20.2606,=H44+ I44,1514238321,0.663621
9,98.973,high,high,false,20.3824,=H45+ I45,1514238321,0.78539
9,98.952,high,high,false,20.5077,=H46+ I46,1514238321,0.910685
9,98.931,high,high,false,20.6321,=H47+ I47,1514238322,0.0351139
9,98.91,high,high,false,20.7544,=H48+ I48,1514238322,0.157405
9,98.889,high,high,false,20.8791,=H49+ I49,1514238322,0.282136
9,98.868,high,high,false,21.0073,=H50+ I50,1514238322,0.410265
9,98.847,high,high,false,21.1379,=H51+ I51,1514238322,0.540874
9,98.826,high,high,false,21.2659,=H52+ I52,1514238322,0.668852
9,98.805,high,high,false,21.3956,=H53+ I53,1514238322,0.798624
9,98.784,high,high,false,21.5242,=H54+ I54,1514238322,0.92723
9,98.763,high,high,false,21.6509,=H55+ I55,1514238323,0.0539211
9,98.742,high,high,false,21.7748,=H56+ I56,1514238323,0.177796
9,98.721,high,high,false,21.8979,=H57+ I57,1514238323,0.300914
9,98.7,high,high,false,22.0211,=H58+ I58,1514238323,0.424095
9,98.679,high,high,false,22.1428,=H59+ I59,1514238323,0.545793
9,98.658,high,high,false,22.2663,=H60+ I60,1514238323,0.669351
9,98.637,high,high,false,22.3914,=H61+ I61,1514238323,0.79438
9,98.616,high,high,false,22.5225,=H62+ I62,1514238323,0.925499
9,98.595,high,high,false,22.6486,=H63+ I63,1514238324,0.0515897
9,98.574,high,high,false,22.7775,=H64+ I64,1514238324,0.180522
9,98.553,high,high,false,22.9104,=H65+ I65,1514238324,0.313448
9,98.532,high,high,false,23.0377,=H66+ I66,1514238324,0.440682
9,98.511,high,high,false,23.1638,=H67+ I67,1514238324,0.566789
9,98.49,high,high,false,23.2909,=H68+ I68,1514238324,0.693898
9,98.469,high,high,false,23.4156,=H69+ I69,1514238324,0.818624
9,98.448,high,high,false,23.5382,=H70+ I70,1514238324,0.941188
9,98.427,high,high,false,23.6639,=H71+ I71,1514238325,0.0669025
9,98.406,high,high,false,23.7864,=H72+ I72,1514238325,0.189424
9,98.385,high,high,false,23.9088,=H73+ I73,1514238325,0.31178
9,98.364,high,high,false,24.0347,=H74+ I74,1514238325,0.437659
9,98.343,high,high,false,24.1619,=H75+ I75,1514238325,0.564939
9,98.322,high,high,false,24.2892,=H76+ I76,1514238325,0.692171
9,98.301,high,high,false,24.4157,=H77+ I77,1514238325,0.818725
9,98.28,high,high,false,24.5379,=H78+ I78,1514238325,0.940942
9,98.259,high,high,false,24.6614,=H79+ I79,1514238326,0.0643628
9,98.238,high,high,false,24.7882,=H80+ I80,1514238326,0.19119
9,98.217,high,high,false,24.9115,=H81+ I81,1514238326,0.314508
9,98.196,high,high,false,25.0375,=H82+ I82,1514238326,0.440472
9,98.175,high,high,false,25.1637,=H83+ I83,1514238326,0.566737
9,98.154,high,high,false,25.2875,=H84+ I84,1514238326,0.690489
9,98.133,high,high,false,25.413,=H85+ I85,1514238326,0.815974
9,98.112,high,high,false,25.5372,=H86+ I86,1514238326,0.940229
9,98.091,high,high,false,25.6618,=H87+ I87,1514238327,0.0648303
9,98.07,high,high,false,25.7872,=H88+ I88,1514238327,0.190198
9,98.049,high,high,false,25.9146,=H89+ I89,1514238327,0.317571
9,98.028,high,high,false,26.0417,=H90+ I90,1514238327,0.444715
9,98.007,high,high,false,26.1705,=H91+ I91,1514238327,0.573483
9,97.986,high,high,false,26.2956,=H92+ I92,1514238327,0.698565
9,97.965,high,high,false,26.4185,=H93+ I93,1514238327,0.821479
9,97.944,high,high,false,26.5421,=H94+ I94,1514238327,0.945131
9,97.923,high,high,false,26.6655,=H95+ I95,1514238328,0.0685433
9,97.902,high,high,false,26.7884,=H96+ I96,1514238328,0.191384
9,97.881,high,high,false,26.9158,=H97+ I97,1514238328,0.318773
9,97.86,high,high,false,27.0431,=H98+ I98,1514238328,0.446053
9,97.839,high,moderate,false,27.1743,=H99+ I99,1514238328,0.577328
9,97.818,high,moderate,false,27.3016,=H100+ I100,1514238328,0.704646
9,97.787,moderate,moderate,true,27.4306,=H101+ I101,1514238328,0.83362
9,97.762,moderate,moderate,false,28.0541,=H102+ I102,1514238329,0.457099
9,97.737,moderate,moderate,false,28.6701,=H103+ I103,1514238330,0.0731043
9,97.712,moderate,moderate,false,29.2863,=H104+ I104,1514238330,0.689337
9,97.687,moderate,moderate,false,29.9114,=H105+ I105,1514238331,0.314401
9,97.662,moderate,moderate,false,30.5311,=H106+ I106,1514238331,0.934052
9,97.637,moderate,moderate,false,31.1544,=H107+ I107,1514238332,0.557396
9,97.612,moderate,moderate,false,31.7706,=H108+ I108,1514238333,0.173638
9,97.587,moderate,moderate,false,32.3891,=H109+ I109,1514238333,0.79214
9,97.562,moderate,moderate,false,33.0047,=H110+ I110,1514238334,0.407739
9,97.537,moderate,moderate,false,33.615,=H111+ I111,1514238335,0.0180407
9,97.512,moderate,moderate,false,34.2315,=H112+ I112,1514238335,0.634455
9,97.487,moderate,moderate,false,34.8516,=H113+ I113,1514238336,0.254624
9,97.462,moderate,moderate,false,35.4671,=H114+ I114,1514238336,0.870129
9,97.437,moderate,moderate,false,36.0813,=H115+ I115,1514238337,0.484325
9,97.412,moderate,moderate,false,36.6947,=H116+ I116,1514238338,0.0977058
9,97.387,moderate,moderate,false,37.3092,=H117+ I117,1514238338,0.712159
9,97.362,moderate,moderate,false,37.921,=H118+ I118,1514238339,0.32404
9,97.337,moderate,moderate,false,38.5337,=H119+ I119,1514238339,0.936685
9,97.312,moderate,low,false,39.1479,=H120+ I120,1514238340,0.550876
9,97.287,moderate,moderate,false,39.7634,=H121+ I121,1514238341,0.166447
9,97.262,moderate,moderate,false,40.3738,=H122+ I122,1514238341,0.77676
9,97.237,moderate,high,false,40.9859,=H123+ I123,1514238342,0.38891
9,97.212,moderate,high,false,41.5983,=H124+ I124,1514238343,0.00129591
9,97.187,moderate,low,false,42.207,=H125+ I125,1514238343,0.610028
9,97.152,high,high,true,42.8151,=H126+ I126,1514238344,0.218144
9,97.131,high,high,false,42.9402,=H127+ I127,1514238344,0.343213
9,97.11,high,high,false,43.0621,=H128+ I128,1514238344,0.465092
9,97.089,high,high,false,43.1845,=H129+ I129,1514238344,0.58748
9,97.068,high,high,false,43.3066,=H130+ I130,1514238344,0.709634
9,97.047,high,high,false,43.4287,=H131+ I131,1514238344,0.831694
9,97.026,high,high,false,43.5538,=H132+ I132,1514238344,0.95676
9,97.005,high,high,false,43.6758,=H133+ I133,1514238345,0.0787726
9,96.984,high,high,false,43.7979,=H134+ I134,1514238345,0.200864
9,96.963,high,high,false,43.9203,=H135+ I135,1514238345,0.323312
9,96.942,high,high,false,44.0433,=H136+ I136,1514238345,0.446252
9,96.921,high,high,false,44.1653,=H137+ I137,1514238345,0.568328
9,96.9,high,high,false,44.2871,=H138+ I138,1514238345,0.690068
9,96.879,high,high,false,44.4091,=H139+ I139,1514238345,0.812083
9,96.858,high,high,false,44.5318,=H140+ I140,1514238345,0.934779
9,96.837,high,high,false,44.6541,=H141+ I141,1514238346,0.0570696
9,96.816,high,high,false,44.7769,=H142+ I142,1514238346,0.179948
9,96.795,high,high,false,44.8988,=H143+ I143,1514238346,0.301755
9,96.774,high,high,false,45.0201,=H144+ I144,1514238346,0.423106
9,96.753,high,high,false,45.1418,=H145+ I145,1514238346,0.544825
9,96.732,high,high,false,45.264,=H146+ I146,1514238346,0.667037
9,96.711,high,high,false,45.386,=H147+ I147,1514238346,0.789008
9,96.69,high,high,false,45.5076,=H148+ I148,1514238346,0.910585
9,96.669,high,high,false,45.6297,=H149+ I149,1514238347,0.0327272
9,96.648,high,high,false,45.7509,=H150+ I150,1514238347,0.153927
9,96.627,high,high,false,45.8733,=H151+ I151,1514238347,0.276322
9,96.606,high,high,false,45.9948,=H152+ I152,1514238347,0.397763
9,96.585,high,high,false,46.1168,=H153+ I153,1514238347,0.519782
9,96.564,high,high,false,46.2381,=H154+ I154,1514238347,0.64108
9,96.543,high,high,false,46.3603,=H155+ I155,1514238347,0.763351
9,96.522,high,high,false,46.483,=H156+ I156,1514238347,0.886004
9,96.501,high,high,false,46.6049,=H157+ I157,1514238348,0.00792906
9,96.48,high,high,false,46.7268,=H158+ I158,1514238348,0.129824
9,96.459,high,high,false,46.8495,=H159+ I159,1514238348,0.252478
9,96.438,high,high,false,46.9721,=H160+ I160,1514238348,0.375076
9,96.417,high,high,false,47.0939,=H161+ I161,1514238348,0.496948
9,96.396,high,high,false,47.2158,=H162+ I162,1514238348,0.618838
9,96.375,high,high,false,47.338,=H163+ I163,1514238348,0.740999
9,96.354,high,high,false,47.4602,=H164+ I164,1514238348,0.863225
9,96.333,high,high,false,47.582,=H165+ I165,1514238348,0.984999
9,96.312,high,high,false,47.7043,=H166+ I166,1514238349,0.107296
9,96.291,high,high,false,47.8268,=H167+ I167,1514238349,0.229824
9,96.27,high,high,false,47.9486,=H168+ I168,1514238349,0.351643
9,96.249,high,high,false,48.0706,=H169+ I169,1514238349,0.473577
9,96.228,high,high,false,48.1958,=H170+ I170,1514238349,0.5988
9,96.207,high,high,false,48.3176,=H171+ I171,1514238349,0.720648
9,96.186,high,high,false,48.4395,=H172+ I172,1514238349,0.842458
9,96.165,high,high,false,48.5615,=H173+ I173,1514238349,0.964474
9,96.144,high,high,false,48.6832,=H174+ I174,1514238350,0.0862441
9,96.123,high,high,false,48.8055,=H175+ I175,1514238350,0.20848
9,96.102,high,high,false,48.9276,=H176+ I176,1514238350,0.330646
9,96.081,high,high,false,49.0503,=H177+ I177,1514238350,0.453263
9,96.06,high,high,false,49.1721,=H178+ I178,1514238350,0.575148
9,96.039,high,high,false,49.2974,=H179+ I179,1514238350,0.700383
9,96.018,high,high,false,49.4193,=H180+ I180,1514238350,0.822259
9,95.997,high,high,false,49.5417,=H181+ I181,1514238350,0.944653
9,95.976,high,high,false,49.6662,=H182+ I182,1514238351,0.0692296
9,95.955,high,high,false,49.7885,=H183+ I183,1514238351,0.191473
9,95.934,high,high,false,49.9107,=H184+ I184,1514238351,0.313664
9,95.913,high,high,false,50.0326,=H185+ I185,1514238351,0.435607
9,95.892,high,high,false,50.1573,=H186+ I186,1514238351,0.560274
9,95.871,high,high,false,50.2791,=H187+ I187,1514238351,0.682086
9,95.85,high,high,false,50.4041,=H188+ I188,1514238351,0.807067
9,95.829,high,high,false,50.53,=H189+ I189,1514238351,0.932965
9,95.808,high,high,false,50.652,=H190+ I190,1514238352,0.0550486
9,95.787,high,high,false,50.7746,=H191+ I191,1514238352,0.17756
9,95.766,high,high,false,50.8964,=H192+ I192,1514238352,0.299416
9,95.745,high,high,false,51.0181,=H193+ I193,1514238352,0.421126
9,95.724,high,high,false,51.1404,=H194+ I194,1514238352,0.543392
9,95.703,high,high,false,51.2663,=H195+ I195,1514238352,0.669312
9,95.682,high,high,false,51.3896,=H196+ I196,1514238352,0.792567
9,95.661,high,high,false,51.5132,=H197+ I197,1514238352,0.916231
9,95.64,high,high,false,51.6359,=H198+ I198,1514238353,0.0389149
9,95.619,high,high,false,51.7586,=H199+ I199,1514238353,0.161578
9,95.598,high,high,false,51.883,=H200+ I200,1514238353,0.28596
9,95.577,high,high,false,52.0084,=H201+ I201,1514238353,0.411413
9,95.556,high,high,false,52.1308,=H202+ I202,1514238353,0.533829
9,95.535,high,high,false,52.2531,=H203+ I203,1514238353,0.65614
9,95.514,high,high,false,52.3754,=H204+ I204,1514238353,0.778414
9,95.493,high,high,false,52.4984,=H205+ I205,1514238353,0.901376
9,95.472,high,high,false,52.621,=H206+ I206,1514238354,0.0239706
9,95.451,high,high,false,52.7428,=H207+ I207,1514238354,0.145834
9,95.43,high,high,false,52.866,=H208+ I208,1514238354,0.268962
9,95.409,high,high,false,52.9887,=H209+ I209,1514238354,0.391728
9,95.388,high,high,false,53.1136,=H210+ I210,1514238354,0.516552
9,95.367,high,high,false,53.236,=H211+ I211,1514238354,0.638956
9,95.346,high,high,false,53.3591,=H212+ I212,1514238354,0.762134
9,95.325,high,moderate,false,53.4821,=H213+ I213,1514238354,0.885104
9,95.304,high,high,false,53.6043,=H214+ I214,1514238355,0.00733625
9,95.283,high,moderate,false,53.7262,=H215+ I215,1514238355,0.129205
9,95.262,high,low,false,53.8492,=H216+ I216,1514238355,0.252242
9,95.231,moderate,moderate,true,53.979,=H217+ I217,1514238355,0.381962
9,95.206,moderate,moderate,false,54.6028,=H218+ I218,1514238356,0.00578348
9,95.181,moderate,moderate,false,55.2263,=H219+ I219,1514238356,0.629329
9,95.156,moderate,moderate,false,55.8442,=H220+ I220,1514238357,0.247204
9,95.131,moderate,moderate,false,56.4617,=H221+ I221,1514238357,0.864746
9,95.106,moderate,moderate,false,57.0757,=H222+ I222,1514238358,0.478717
9,95.081,moderate,moderate,false,57.6918,=H223+ I223,1514238359,0.0948352
9,95.056,moderate,moderate,false,58.3073,=H224+ I224,1514238359,0.710297
9,95.031,moderate,moderate,false,58.9222,=H225+ I225,1514238360,0.32523
9,95.006,moderate,moderate,false,59.5386,=H226+ I226,1514238360,0.941642
9,94.981,moderate,moderate,false,60.1574,=H227+ I227,1514238361,0.560408
9,94.956,moderate,moderate,false,60.7824,=H228+ I228,1514238362,0.185436
9,94.931,moderate,moderate,false,61.4067,=H229+ I229,1514238362,0.809745
9,94.906,moderate,moderate,false,62.0266,=H230+ I230,1514238363,0.429613
9,94.881,moderate,moderate,false,62.6504,=H231+ I231,1514238364,0.0533898
9,94.856,moderate,moderate,false,63.2647,=H232+ I232,1514238364,0.667664
9,94.831,moderate,moderate,false,63.8834,=H233+ I233,1514238365,0.286391
9,94.806,moderate,moderate,false,64.4964,=H234+ I234,1514238365,0.899405
9,94.781,moderate,low,false,65.117,=H235+ I235,1514238366,0.520017
9,94.756,moderate,moderate,false,65.7381,=H236+ I236,1514238367,0.14106
9,94.731,moderate,moderate,false,66.3488,=H237+ I237,1514238367,0.751837
9,94.706,moderate,moderate,false,66.9629,=H238+ I238,1514238368,0.365938
9,94.681,moderate,low,false,67.5775,=H239+ I239,1514238368,0.980536
9,94.656,moderate,high,false,68.1944,=H240+ I240,1514238369,0.59743
9,94.631,moderate,low,false,68.8048,=H241+ I241,1514238370,0.207815
9,94.596,low,low,true,69.4157,=H242+ I242,1514238370,0.818698
9,94.566,low,low,false,70.6414,=H243+ I243,1514238372,0.0444179
9,94.536,low,low,false,71.8688,=H244+ I244,1514238373,0.271834
9,94.506,low,low,false,73.0875,=H245+ I245,1514238374,0.490537
9,94.476,low,low,false,74.3212,=H246+ I246,1514238375,0.724156
9,94.446,low,low,false,75.548,=H247+ I247,1514238376,0.95099
9,94.416,low,low,false,76.7705,=H248+ I248,1514238378,0.173452
9,94.386,low,low,false,77.9972,=H249+ I249,1514238379,0.400244
9,94.356,low,low,false,79.2275,=H250+ I250,1514238380,0.630543
9,94.326,low,low,false,80.4555,=H251+ I251,1514238381,0.858492
9,94.296,low,high,false,81.6857,=H252+ I252,1514238383,0.0886556
9,94.266,low,high,false,82.9075,=H253+ I253,1514238384,0.310545
9,94.236,low,moderate,false,84.1335,=H254+ I254,1514238385,0.536465
9,94.196,high,high,true,85.3714,=H255+ I255,1514238386,0.774396
9,94.175,high,high,false,85.4976,=H256+ I256,1514238386,0.900553
9,94.154,high,high,false,85.6195,=H257+ I257,1514238387,0.0224802
9,94.133,high,high,false,85.7413,=H258+ I258,1514238387,0.144291
9,94.112,high,high,false,85.8656,=H259+ I259,1514238387,0.268567
9,94.091,high,high,false,85.9869,=H260+ I260,1514238387,0.389852
9,94.07,high,high,false,86.1096,=H261+ I261,1514238387,0.5126
9,94.049,high,high,false,86.2357,=H262+ I262,1514238387,0.638703
9,94.028,high,high,false,86.36,=H263+ I263,1514238387,0.763039
9,94.007,high,high,false,86.4821,=H264+ I264,1514238387,0.885069
9,93.986,high,high,false,86.6037,=H265+ I265,1514238388,0.00666107
9,93.965,high,high,false,86.7262,=H266+ I266,1514238388,0.129192
9,93.944,high,high,false,86.849,=H267+ I267,1514238388,0.251991
9,93.923,high,high,false,86.9719,=H268+ I268,1514238388,0.374901
9,93.902,high,high,false,87.094,=H269+ I269,1514238388,0.496961
9,93.881,high,high,false,87.2157,=H270+ I270,1514238388,0.618671
9,93.86,high,high,false,87.3371,=H271+ I271,1514238388,0.740148
9,93.839,high,high,false,87.4599,=H272+ I272,1514238388,0.862946
9,93.818,high,high,false,87.5824,=H273+ I273,1514238388,0.98544
9,93.797,high,high,false,87.7052,=H274+ I274,1514238389,0.108186
9,93.776,high,high,false,87.8283,=H275+ I275,1514238389,0.231328
9,93.755,high,high,false,87.9511,=H276+ I276,1514238389,0.354107
9,93.734,high,high,false,88.074,=H277+ I277,1514238389,0.476976
9,93.713,high,high,false,88.1966,=H278+ I278,1514238389,0.599613
9,93.692,high,high,false,88.3186,=H279+ I279,1514238389,0.721638
9,93.671,high,high,false,88.4414,=H280+ I280,1514238389,0.844432
9,93.65,high,high,false,88.5635,=H281+ I281,1514238389,0.966549
9,93.629,high,high,false,88.685,=H282+ I282,1514238390,0.0879776
9,93.608,high,high,false,88.808,=H283+ I283,1514238390,0.210963
9,93.587,high,high,false,88.93,=H284+ I284,1514238390,0.333023
9,93.566,high,high,false,89.0553,=H285+ I285,1514238390,0.458348
9,93.545,high,high,false,89.1791,=H286+ I286,1514238390,0.582127
9,93.524,high,high,false,89.3032,=H287+ I287,1514238390,0.70623
9,93.503,high,high,false,89.4267,=H288+ I288,1514238390,0.829706
9,93.482,high,high,false,89.5483,=H289+ I289,1514238390,0.951268
9,93.461,high,high,false,89.6707,=H290+ I290,1514238391,0.0737346
9,93.44,high,high,false,89.7932,=H291+ I291,1514238391,0.196162
9,93.419,high,high,false,89.9165,=H292+ I292,1514238391,0.319508
9,93.398,high,high,false,90.039,=H293+ I293,1514238391,0.441981
9,93.377,high,high,false,90.1622,=H294+ I294,1514238391,0.565207
9,93.356,high,high,false,90.2843,=H295+ I295,1514238391,0.687305
9,93.335,high,high,false,90.4068,=H296+ I296,1514238391,0.809825
9,93.314,high,high,false,90.5298,=H297+ I297,1514238391,0.932792
9,93.293,high,high,false,90.6549,=H298+ I298,1514238392,0.0579234
9,93.272,high,high,false,90.7775,=H299+ I299,1514238392,0.180513
9,93.251,high,high,false,90.8991,=H300+ I300,1514238392,0.302087
9,93.23,high,high,false,91.022,=H301+ I301,1514238392,0.42503
9,93.209,high,high,false,91.1466,=H302+ I302,1514238392,0.549578
9,93.188,high,high,false,91.2695,=H303+ I303,1514238392,0.67248
9,93.167,high,high,false,91.3919,=H304+ I304,1514238392,0.794932
9,93.146,high,high,false,91.5145,=H305+ I305,1514238392,0.917451
9,93.125,high,high,false,91.6375,=H306+ I306,1514238393,0.0405348
9,93.104,high,high,false,91.7598,=H307+ I307,1514238393,0.162808
9,93.083,high,high,false,91.8859,=H308+ I308,1514238393,0.288869
9,93.062,high,high,false,92.0121,=H309+ I309,1514238393,0.415065
9,93.041,high,high,false,92.1348,=H310+ I310,1514238393,0.537786
9,93.02,high,high,false,92.2577,=H311+ I311,1514238393,0.660652
9,92.999,high,high,false,92.3801,=H312+ I312,1514238393,0.783116
9,92.978,high,high,false,92.5037,=H313+ I313,1514238393,0.906653
9,92.957,high,high,false,92.6261,=H314+ I314,1514238394,0.0291468
9,92.936,high,high,false,92.7483,=H315+ I315,1514238394,0.151309
9,92.915,high,high,false,92.8705,=H316+ I316,1514238394,0.273475
9,92.894,high,high,false,92.9925,=H317+ I317,1514238394,0.395472
9,92.873,high,high,false,93.1155,=H318+ I318,1514238394,0.518479
9,92.852,high,high,false,93.2371,=H319+ I319,1514238394,0.640109
9,92.831,high,high,false,93.3624,=H320+ I320,1514238394,0.765402
9,92.81,high,high,false,93.485,=H321+ I321,1514238394,0.887984
9,92.789,high,high,false,93.6084,=H322+ I322,1514238395,0.0113588
9,92.768,high,high,false,93.7341,=H323+ I323,1514238395,0.137088
9,92.747,high,high,false,93.8567,=H324+ I324,1514238395,0.259712
9,92.726,high,high,false,93.9787,=H325+ I325,1514238395,0.381701
9,92.705,high,high,false,94.1026,=H326+ I326,1514238395,0.505566
9,92.684,high,high,false,94.2285,=H327+ I327,1514238395,0.631542
9,92.663,high,high,false,94.3511,=H328+ I328,1514238395,0.754145
9,92.642,high,high,false,94.4741,=H329+ I329,1514238395,0.877067
9,92.621,high,high,false,94.5966,=H330+ I330,1514238395,0.999595
9,92.6,high,high,false,94.7192,=H331+ I331,1514238396,0.122229
9,92.579,high,high,false,94.8416,=H332+ I332,1514238396,0.244582
9,92.558,high,high,false,94.9645,=H333+ I333,1514238396,0.367473
9,92.537,high,high,false,95.0863,=H334+ I334,1514238396,0.489345
9,92.516,high,high,false,95.2082,=H335+ I335,1514238396,0.611232
9,92.495,high,high,false,95.3316,=H336+ I336,1514238396,0.734632
9,92.474,high,high,false,95.4547,=H337+ I337,1514238396,0.857712
9,92.453,high,low,false,95.5787,=H338+ I338,1514238396,0.98167
9,92.432,high,high,false,95.7021,=H339+ I339,1514238397,0.105133
9,92.411,high,low,false,95.8251,=H340+ I340,1514238397,0.22811
9,92.38,low,low,true,95.9475,=H341+ I341,1514238397,0.350519
9,92.35,low,low,false,97.1863,=H342+ I342,1514238398,0.589285
9,92.32,low,low,false,98.4101,=H343+ I343,1514238399,0.813107
9,92.29,low,low,false,99.6458,=H344+ I344,1514238401,0.0488165
9,92.26,low,low,false,100.873,=H345+ I345,1514238402,0.275954
9,92.23,low,low,false,102.094,=H346+ I346,1514238403,0.497151
9,92.2,low,low,false,103.32,=H347+ I347,1514238404,0.723061
9,92.17,low,low,false,104.545,=H348+ I348,1514238405,0.948046
9,92.14,low,low,false,105.772,=H349+ I349,1514238407,0.17489
9,92.11,low,low,false,107.002,=H350+ I350,1514238408,0.405355
9,92.08,low,low,false,108.235,=H351+ I351,1514238409,0.638056
9,92.05,low,low,false,109.477,=H352+ I352,1514238410,0.87963
9,92.02,low,moderate,false,110.714,=H353+ I353,1514238412,0.116902
9,91.99,low,moderate,false,111.941,=H354+ I354,1514238413,0.343746
9,91.96,low,high,false,113.168,=H355+ I355,1514238414,0.570669
9,91.93,low,high,false,114.4,=H356+ I356,1514238415,0.803379
9,91.9,low,low,false,115.632,=H357+ I357,1514238417,0.0346813
9,91.86,high,high,true,116.862,=H358+ I358,1514238418,0.264835
9,91.839,high,high,false,116.987,=H359+ I359,1514238418,0.389988
9,91.818,high,high,false,117.109,=H360+ I360,1514238418,0.512474
9,91.797,high,high,false,117.232,=H361+ I361,1514238418,0.635103
9,91.776,high,high,false,117.359,=H362+ I362,1514238418,0.761549
9,91.755,high,high,false,117.482,=H363+ I363,1514238418,0.884959
9,91.734,high,high,false,117.605,=H364+ I364,1514238419,0.00757595
9,91.713,high,high,false,117.728,=H365+ I365,1514238419,0.131398
9,91.692,high,high,false,117.851,=H366+ I366,1514238419,0.254162
9,91.671,high,high,false,117.979,=H367+ I367,1514238419,0.381927
9,91.65,high,high,false,118.101,=H368+ I368,1514238419,0.504134
9,91.629,high,high,false,118.227,=H369+ I369,1514238419,0.629974
9,91.608,high,high,false,118.35,=H370+ I370,1514238419,0.752657
9,91.587,high,high,false,118.472,=H371+ I371,1514238419,0.875373
9,91.566,high,high,false,118.595,=H372+ I372,1514238419,0.998314
9,91.545,high,high,false,118.719,=H373+ I373,1514238420,0.121579
9,91.524,high,high,false,118.841,=H374+ I374,1514238420,0.243811
9,91.503,high,high,false,118.963,=H375+ I375,1514238420,0.366251
9,91.482,high,high,false,119.086,=H376+ I376,1514238420,0.48897
9,91.461,high,high,false,119.209,=H377+ I377,1514238420,0.611813
9,91.44,high,high,false,119.332,=H378+ I378,1514238420,0.734865
9,91.419,high,high,false,119.454,=H379+ I379,1514238420,0.85711
9,91.398,high,high,false,119.577,=H380+ I380,1514238420,0.979537
9,91.377,high,high,false,119.699,=H381+ I381,1514238421,0.102388
9,91.356,high,high,false,119.825,=H382+ I382,1514238421,0.22817
9,91.335,high,high,false,119.947,=H383+ I383,1514238421,0.34961
9,91.314,high,high,false,120.069,=H384+ I384,1514238421,0.47243
9,91.293,high,high,false,120.192,=H385+ I385,1514238421,0.595184
9,91.272,high,high,false,120.314,=H386+ I386,1514238421,0.717242
9,91.251,high,high,false,120.437,=H387+ I387,1514238421,0.840135
9,91.23,high,high,false,120.559,=H388+ I388,1514238421,0.962439
9,91.209,high,high,false,120.681,=H389+ I389,1514238422,0.0843331
9,91.188,high,high,false,120.804,=H390+ I390,1514238422,0.206877
9,91.167,high,high,false,120.926,=H391+ I391,1514238422,0.329156
9,91.146,high,high,false,121.049,=H392+ I392,1514238422,0.452047
9,91.125,high,high,false,121.171,=H393+ I393,1514238422,0.574143
9,91.104,high,high,false,121.293,=H394+ I394,1514238422,0.696305
9,91.083,high,high,false,121.415,=H395+ I395,1514238422,0.818262
9,91.062,high,high,false,121.54,=H396+ I396,1514238422,0.942983
9,91.041,high,high,false,121.662,=H397+ I397,1514238423,0.0649706
9,91.02,high,high,false,121.784,=H398+ I398,1514238423,0.186613
9,90.999,high,high,false,121.906,=H399+ I399,1514238423,0.308567
9,90.978,high,high,false,122.032,=H400+ I400,1514238423,0.434532
9,90.957,high,high,false,122.154,=H401+ I401,1514238423,0.557464
9,90.936,high,high,false,122.277,=H402+ I402,1514238423,0.679589
9,90.915,high,high,false,122.399,=H403+ I403,1514238423,0.802002
9,90.894,high,high,false,122.52,=H404+ I404,1514238423,0.923383
9,90.873,high,high,false,122.642,=H405+ I405,1514238424,0.0452174
9,90.852,high,high,false,122.768,=H406+ I406,1514238424,0.171232
9,90.831,high,high,false,122.891,=H407+ I407,1514238424,0.294161
9,90.81,high,high,false,123.014,=H408+ I408,1514238424,0.417335
9,90.789,high,high,false,123.136,=H409+ I409,1514238424,0.539267
9,90.768,high,high,false,123.259,=H410+ I410,1514238424,0.662108
9,90.747,high,high,false,123.382,=H411+ I411,1514238424,0.785
9,90.726,high,high,false,123.505,=H412+ I412,1514238424,0.908253
9,90.705,high,high,false,123.628,=H413+ I413,1514238425,0.031092
9,90.684,high,high,false,123.753,=H414+ I414,1514238425,0.156144
9,90.663,high,high,false,123.876,=H415+ I415,1514238425,0.279013
9,90.642,high,high,false,123.999,=H416+ I416,1514238425,0.401954
9,90.621,high,high,false,124.122,=H417+ I417,1514238425,0.524569
9,90.6,high,high,false,124.244,=H418+ I418,1514238425,0.646567
9,90.579,high,high,false,124.367,=H419+ I419,1514238425,0.769507
9,90.558,high,high,false,124.489,=H420+ I420,1514238425,0.892291
9,90.537,high,high,false,124.612,=H421+ I421,1514238426,0.0151478
9,90.516,high,high,false,124.735,=H422+ I422,1514238426,0.138127
9,90.495,high,high,false,124.858,=H423+ I423,1514238426,0.260564
9,90.474,high,high,false,124.98,=H424+ I424,1514238426,0.383251
9,90.453,high,high,false,125.103,=H425+ I425,1514238426,0.506378
9,90.432,high,high,false,125.226,=H426+ I426,1514238426,0.629167
9,90.411,high,high,false,125.349,=H427+ I427,1514238426,0.751885
9,90.39,high,high,false,125.472,=H428+ I428,1514238426,0.874527
9,90.369,high,high,false,125.594,=H429+ I429,1514238426,0.996922
9,90.348,high,high,false,125.72,=H430+ I430,1514238427,0.12298
9,90.327,high,high,false,125.843,=H431+ I431,1514238427,0.245701
9,90.306,high,high,false,125.967,=H432+ I432,1514238427,0.370496
9,90.285,high,high,false,126.09,=H433+ I433,1514238427,0.492552
9,90.264,high,high,false,126.216,=H434+ I434,1514238427,0.618826
9,90.243,high,high,false,126.339,=H435+ I435,1514238427,0.741624
9,90.222,high,high,false,126.462,=H436+ I436,1514238427,0.864838
9,90.201,high,high,false,126.585,=H437+ I437,1514238427,0.98791
9,90.18,high,high,false,126.707,=H438+ I438,1514238428,0.109713
9,90.159,high,high,false,126.829,=H439+ I439,1514238428,0.232055
9,90.138,high,high,false,126.952,=H440+ I440,1514238428,0.354625
9,90.117,high,high,false,127.074,=H441+ I441,1514238428,0.477079
9,90.096,high,low,false,127.197,=H442+ I442,1514238428,0.599837
9,90.075,high,low,false,127.319,=H443+ I443,1514238428,0.721774
9,90.054,high,high,false,127.442,=H444+ I444,1514238428,0.844672
9,90.033,high,high,false,127.565,=H445+ I445,1514238428,0.967926
9,90.002,low,low,true,127.691,=H446+ I446,1514238429,0.094373
9,89.972,low,low,false,128.927,=H447+ I447,1514238430,0.329616
9,89.942,low,low,false,130.154,=H448+ I448,1514238431,0.556583
9,89.912,low,low,false,131.379,=H449+ I449,1514238432,0.781652
9,89.882,low,low,false,132.617,=H450+ I450,1514238434,0.0199172
9,89.852,low,low,false,133.86,=H451+ I451,1514238435,0.263335
9,89.822,low,low,false,135.093,=H452+ I452,1514238436,0.496311
9,89.792,low,low,false,136.321,=H453+ I453,1514238437,0.723513
9,89.762,low,low,false,137.557,=H454+ I454,1514238438,0.959651
9,89.732,low,low,false,138.793,=H455+ I455,1514238440,0.196434
9,89.702,low,high,false,140.019,=H456+ I456,1514238441,0.421788
9,89.672,low,low,false,141.245,=H457+ I457,1514238442,0.648336
9,89.642,low,low,false,142.468,=H458+ I458,1514238443,0.87105
9,89.612,low,moderate,false,143.7,=H459+ I459,1514238445,0.10272
9,89.582,low,low,false,144.928,=H460+ I460,1514238446,0.331451
9,89.552,low,low,false,146.15,=H461+ I461,1514238447,0.553478
9,89.522,low,low,false,147.379,=H462+ I462,1514238448,0.781803
9,89.492,low,high,false,148.608,=H463+ I463,1514238450,0.0105414
9,89.462,low,low,false,149.83,=H464+ I464,1514238451,0.232545
9,89.432,low,high,false,151.056,=H465+ I465,1514238452,0.459196
9,89.402,low,low,false,152.285,=H466+ I466,1514238453,0.688432
9,89.362,high,high,true,153.507,=H467+ I467,1514238454,0.91022
9,89.341,high,high,false,153.633,=H468+ I468,1514238455,0.0362198
9,89.32,high,high,false,153.757,=H469+ I469,1514238455,0.159644
9,89.299,high,high,false,153.883,=H470+ I470,1514238455,0.285546
9,89.278,high,high,false,154.005,=H471+ I471,1514238455,0.408307
9,89.257,high,high,false,154.132,=H472+ I472,1514238455,0.535016
9,89.236,high,high,false,154.254,=H473+ I473,1514238455,0.656635
9,89.215,high,high,false,154.38,=H474+ I474,1514238455,0.782723
9,89.194,high,high,false,154.505,=H475+ I475,1514238455,0.90825
9,89.173,high,high,false,154.631,=H476+ I476,1514238456,0.0343721
9,89.152,high,high,false,154.753,=H477+ I477,1514238456,0.156123
9,89.131,high,high,false,154.875,=H478+ I478,1514238456,0.278286
9,89.11,high,high,false,154.998,=H479+ I479,1514238456,0.401128
9,89.089,high,high,false,155.123,=H480+ I480,1514238456,0.526299
9,89.068,high,high,false,155.246,=H481+ I481,1514238456,0.648881
9,89.047,high,high,false,155.368,=H482+ I482,1514238456,0.770831
9,89.026,high,high,false,155.49,=H483+ I483,1514238456,0.892807
9,89.005,high,high,false,155.612,=H484+ I484,1514238457,0.0147805
9,88.984,high,high,false,155.734,=H485+ I485,1514238457,0.137235
9,88.963,high,high,false,155.856,=H486+ I486,1514238457,0.258993
9,88.942,high,high,false,155.978,=H487+ I487,1514238457,0.381375
9,88.921,high,high,false,156.101,=H488+ I488,1514238457,0.504077
9,88.9,high,high,false,156.224,=H489+ I489,1514238457,0.626883
9,88.879,high,high,false,156.346,=H490+ I490,1514238457,0.749458
9,88.858,high,high,false,156.469,=H491+ I491,1514238457,0.871645
9,88.837,high,high,false,156.59,=H492+ I492,1514238457,0.993238
9,88.816,high,high,false,156.712,=H493+ I493,1514238458,0.114826
9,88.795,high,high,false,156.834,=H494+ I494,1514238458,0.237067
9,88.774,high,high,false,156.957,=H495+ I495,1514238458,0.359957
9,88.753,high,high,false,157.079,=H496+ I496,1514238458,0.481795
9,88.732,high,high,false,157.202,=H497+ I497,1514238458,0.604889
9,88.711,high,high,false,157.324,=H498+ I498,1514238458,0.726869
9,88.69,high,high,false,157.446,=H499+ I499,1514238458,0.849117
9,88.669,high,high,false,157.569,=H500+ I500,1514238458,0.971636
9,88.648,high,high,false,157.693,=H501+ I501,1514238459,0.0963338
9,88.627,high,high,false,157.816,=H502+ I502,1514238459,0.218945
9,88.606,high,high,false,157.938,=H503+ I503,1514238459,0.340852
9,88.585,high,high,false,158.061,=H504+ I504,1514238459,0.463772
9,88.564,high,high,false,158.189,=H505+ I505,1514238459,0.591553
9,88.543,high,high,false,158.31,=H506+ I506,1514238459,0.713425
9,88.522,high,high,false,158.432,=H507+ I507,1514238459,0.83546
9,88.501,high,high,false,158.557,=H508+ I508,1514238459,0.959988
9,88.48,high,high,false,158.679,=H509+ I509,1514238460,0.0815356
9,88.459,high,high,false,158.802,=H510+ I510,1514238460,0.205407
9,88.438,high,high,false,158.926,=H511+ I511,1514238460,0.328843
9,88.417,high,high,false,159.051,=H512+ I512,1514238460,0.45383
9,88.396,high,high,false,159.175,=H513+ I513,1514238460,0.578313
9,88.375,high,high,false,159.297,=H514+ I514,1514238460,0.700114
9,88.354,high,high,false,159.419,=H515+ I515,1514238460,0.821692
9,88.333,high,high,false,159.54,=H516+ I516,1514238460,0.943277
9,88.312,high,high,false,159.663,=H517+ I517,1514238461,0.0655249
9,88.291,high,high,false,159.784,=H518+ I518,1514238461,0.187042
9,88.27,high,high,false,159.909,=H519+ I519,1514238461,0.312285
9,88.249,high,high,false,160.031,=H520+ I520,1514238461,0.434356
9,88.228,high,high,false,160.153,=H521+ I521,1514238461,0.556432
9,88.207,high,high,false,160.275,=H522+ I522,1514238461,0.678258
9,88.186,high,high,false,160.397,=H523+ I523,1514238461,0.799557
9,88.165,high,high,false,160.519,=H524+ I524,1514238461,0.922396
9,88.144,high,high,false,160.641,=H525+ I525,1514238462,0.0439609
9,88.123,high,high,false,160.762,=H526+ I526,1514238462,0.165123
9,88.102,high,high,false,160.883,=H527+ I527,1514238462,0.286489
9,88.081,high,high,false,161.004,=H528+ I528,1514238462,0.406962
9,88.06,high,high,false,161.125,=H529+ I529,1514238462,0.528314
9,88.039,high,high,false,161.247,=H530+ I530,1514238462,0.650267
9,88.018,high,high,false,161.368,=H531+ I531,1514238462,0.771476
9,87.997,high,high,false,161.49,=H532+ I532,1514238462,0.892525
9,87.976,high,high,false,161.611,=H533+ I533,1514238463,0.0136372
9,87.955,high,high,false,161.732,=H534+ I534,1514238463,0.135452
9,87.934,high,high,false,161.853,=H535+ I535,1514238463,0.256355
9,87.913,high,high,false,161.978,=H536+ I536,1514238463,0.380747
9,87.892,high,high,false,162.1,=H537+ I537,1514238463,0.502719
9,87.871,high,high,false,162.222,=H538+ I538,1514238463,0.624687
9,87.85,high,high,false,162.343,=H539+ I539,1514238463,0.746428
9,87.829,high,high,false,162.465,=H540+ I540,1514238463,0.868288
9,87.808,high,high,false,162.588,=H541+ I541,1514238463,0.990523
9,87.787,high,high,false,162.712,=H542+ I542,1514238464,0.115109
9,87.766,high,high,false,162.834,=H543+ I543,1514238464,0.237114
9,87.745,high,high,false,162.956,=H544+ I544,1514238464,0.358835
9,87.724,high,high,false,163.078,=H545+ I545,1514238464,0.480521
9,87.703,high,high,false,163.2,=H546+ I546,1514238464,0.603104
9,87.682,high,high,false,163.321,=H547+ I547,1514238464,0.724376
9,87.661,high,high,false,163.443,=H548+ I548,1514238464,0.846047
9,87.64,high,high,false,163.565,=H549+ I549,1514238464,0.968053
9,87.619,high,moderate,false,163.687,=H550+ I550,1514238465,0.0899644
9,87.598,high,high,false,163.809,=H551+ I551,1514238465,0.211684
9,87.577,high,moderate,false,163.93,=H552+ I552,1514238465,0.333122
9,87.546,moderate,moderate,true,164.051,=H553+ I553,1514238465,0.454394
9,87.521,moderate,moderate,false,164.662,=H554+ I554,1514238466,0.0649139
9,87.496,moderate,moderate,false,165.277,=H555+ I555,1514238466,0.679874
9,87.471,moderate,moderate,false,165.885,=H556+ I556,1514238467,0.287773
9,87.446,moderate,moderate,false,166.497,=H557+ I557,1514238467,0.899805
9,87.421,moderate,moderate,false,167.111,=H558+ I558,1514238468,0.513506
9,87.396,moderate,moderate,false,167.719,=H559+ I559,1514238469,0.122057
9,87.371,moderate,moderate,false,168.33,=H560+ I560,1514238469,0.733282
9,87.346,moderate,moderate,false,168.942,=H561+ I561,1514238470,0.345011
9,87.321,moderate,moderate,false,169.557,=H562+ I562,1514238470,0.960365
9,87.296,moderate,moderate,false,170.166,=H563+ I563,1514238471,0.568946
9,87.271,moderate,moderate,false,170.775,=H564+ I564,1514238472,0.178345
9,87.246,moderate,moderate,false,171.384,=H565+ I565,1514238472,0.787088
9,87.221,moderate,moderate,false,171.995,=H566+ I566,1514238473,0.39849
9,87.196,moderate,moderate,false,172.604,=H567+ I567,1514238474,0.00666223
9,87.171,moderate,moderate,false,173.22,=H568+ I568,1514238474,0.623049
9,87.146,moderate,moderate,false,173.83,=H569+ I569,1514238475,0.233259
9,87.121,moderate,moderate,false,174.441,=H570+ I570,1514238475,0.843688
9,87.096,moderate,moderate,false,175.051,=H571+ I571,1514238476,0.454281
9,87.071,moderate,low,false,175.669,=H572+ I572,1514238477,0.0720733
9,87.046,moderate,low,false,176.284,=H573+ I573,1514238477,0.687373
9,87.021,moderate,high,false,176.897,=H574+ I574,1514238478,0.300231
9,86.996,moderate,moderate,false,177.515,=H575+ I575,1514238478,0.918406
9,86.961,low,low,true,178.126,=H576+ I576,1514238479,0.529445
9,86.931,low,low,false,179.355,=H577+ I577,1514238480,0.758026
9,86.901,low,low,false,180.586,=H578+ I578,1514238481,0.989427
9,86.871,low,low,false,181.825,=H579+ I579,1514238483,0.228166
9,86.841,low,low,false,183.052,=H580+ I580,1514238484,0.455036
9,86.811,low,low,false,184.276,=H581+ I581,1514238485,0.678669
9,86.781,low,low,false,185.509,=H582+ I582,1514238486,0.912327
9,86.751,low,low,false,186.744,=H583+ I583,1514238488,0.147232
9,86.721,low,low,false,187.976,=H584+ I584,1514238489,0.378555
9,86.691,low,low,false,189.205,=H585+ I585,1514238490,0.607556
9,86.661,low,low,false,190.431,=H586+ I586,1514238491,0.833663
9,86.631,low,high,false,191.662,=H587+ I587,1514238493,0.0646035
9,86.601,low,moderate,false,192.89,=H588+ I588,1514238494,0.293041
9,86.571,low,low,false,194.112,=H589+ I589,1514238495,0.514934
9,86.541,low,moderate,false,195.334,=H590+ I590,1514238496,0.737128
9,86.501,moderate,moderate,true,196.56,=H591+ I591,1514238497,0.962873
9,86.476,moderate,moderate,false,197.172,=H592+ I592,1514238498,0.575299
9,86.451,moderate,moderate,false,197.783,=H593+ I593,1514238499,0.186244
9,86.426,moderate,moderate,false,198.39,=H594+ I594,1514238499,0.793368
9,86.401,moderate,moderate,false,198.999,=H595+ I595,1514238500,0.401791
9,86.376,moderate,moderate,false,199.606,=H596+ I596,1514238501,0.00940478
9,86.351,moderate,moderate,false,200.221,=H597+ I597,1514238501,0.623948
9,86.326,moderate,moderate,false,200.832,=H598+ I598,1514238502,0.235282
9,86.301,moderate,moderate,false,201.445,=H599+ I599,1514238502,0.848298
9,86.276,moderate,moderate,false,202.062,=H600+ I600,1514238503,0.465325
9,86.251,moderate,moderate,false,202.671,=H601+ I601,1514238504,0.0743511
9,86.226,moderate,moderate,false,203.28,=H602+ I602,1514238504,0.68267
9,86.201,moderate,moderate,false,203.888,=H603+ I603,1514238505,0.291058
9,86.176,moderate,moderate,false,204.499,=H604+ I604,1514238505,0.902439
9,86.151,moderate,moderate,false,205.113,=H605+ I605,1514238506,0.516221
9,86.126,moderate,moderate,false,205.724,=H606+ I606,1514238507,0.127116
9,86.101,moderate,moderate,false,206.343,=H607+ I607,1514238507,0.745502
9,86.076,moderate,moderate,false,206.957,=H608+ I608,1514238508,0.359798
9,86.051,moderate,high,false,207.569,=H609+ I609,1514238508,0.97189
9,86.026,moderate,high,false,208.185,=H610+ I610,1514238509,0.587838
9,86.001,moderate,moderate,false,208.798,=H611+ I611,1514238510,0.201289
9,85.976,moderate,moderate,false,209.41,=H612+ I612,1514238510,0.813425
9,85.951,moderate,moderate,false,210.023,=H613+ I613,1514238511,0.425692
9,85.926,moderate,high,false,210.64,=H614+ I614,1514238512,0.0425492
9,85.901,moderate,high,false,211.25,=H615+ I615,1514238512,0.653058
9,85.876,moderate,low,false,211.862,=H616+ I616,1514238513,0.265255
9,85.851,moderate,low,false,212.478,=H617+ I617,1514238513,0.88125
9,85.826,moderate,moderate,false,213.091,=H618+ I618,1514238514,0.494084
9,85.801,moderate,high,false,213.704,=H619+ I619,1514238515,0.106512
9,85.766,low,low,true,214.315,=H620+ I620,1514238515,0.717842
9,85.736,low,low,false,215.547,=H621+ I621,1514238516,0.95008
9,85.706,low,low,false,216.79,=H622+ I622,1514238518,0.19319
9,85.676,low,low,false,218.019,=H623+ I623,1514238519,0.421907
9,85.646,low,low,false,219.241,=H624+ I624,1514238520,0.644205
9,85.616,low,low,false,220.471,=H625+ I625,1514238521,0.873634
9,85.586,low,low,false,221.694,=H626+ I626,1514238523,0.0967397
9,85.556,low,low,false,222.919,=H627+ I627,1514238524,0.321803
9,85.526,low,low,false,224.138,=H628+ I628,1514238525,0.541218
9,85.496,low,low,false,225.369,=H629+ I629,1514238526,0.771787
9,85.466,low,moderate,false,226.6,=H630+ I630,1514238528,0.00276847
9,85.436,low,high,false,227.82,=H631+ I631,1514238529,0.222618
9,85.406,low,high,false,229.05,=H632+ I632,1514238530,0.452886
9,85.376,low,moderate,false,230.28,=H633+ I633,1514238531,0.682824
9,85.336,moderate,moderate,true,231.511,=H634+ I634,1514238532,0.91438
9,85.311,moderate,moderate,false,232.13,=H635+ I635,1514238533,0.532583
9,85.286,moderate,moderate,false,232.747,=H636+ I636,1514238534,0.150339
9,85.261,moderate,moderate,false,233.361,=H637+ I637,1514238534,0.763701
9,85.236,moderate,moderate,false,233.977,=H638+ I638,1514238535,0.379682
9,85.211,moderate,moderate,false,234.589,=H639+ I639,1514238535,0.991724
9,85.186,moderate,moderate,false,235.2,=H640+ I640,1514238536,0.602641
9,85.161,moderate,moderate,false,235.815,=H641+ I641,1514238537,0.217835
9,85.136,moderate,moderate,false,236.431,=H642+ I642,1514238537,0.834248
9,85.111,moderate,moderate,false,237.043,=H643+ I643,1514238538,0.445506
9,85.086,moderate,moderate,false,237.653,=H644+ I644,1514238539,0.0562457
9,85.061,moderate,moderate,false,238.264,=H645+ I645,1514238539,0.667214
9,85.036,moderate,moderate,false,238.876,=H646+ I646,1514238540,0.278642
9,85.011,moderate,moderate,false,239.492,=H647+ I647,1514238540,0.89488
9,84.986,moderate,moderate,false,240.108,=H648+ I648,1514238541,0.5111
9,84.961,moderate,moderate,false,240.723,=H649+ I649,1514238542,0.126353
9,84.936,moderate,moderate,false,241.345,=H650+ I650,1514238542,0.748147
9,84.911,moderate,moderate,false,241.961,=H651+ I651,1514238543,0.363924
9,84.886,moderate,moderate,false,242.572,=H652+ I652,1514238543,0.975447
9,84.861,moderate,high,false,243.188,=H653+ I653,1514238544,0.59074
9,84.836,moderate,high,false,243.801,=H654+ I654,1514238545,0.203744
9,84.811,moderate,low,false,244.414,=H655+ I655,1514238545,0.816556
9,84.786,moderate,moderate,false,245.029,=H656+ I656,1514238546,0.432132
9,84.761,moderate,moderate,false,245.64,=H657+ I657,1514238547,0.0431936
9,84.736,moderate,low,false,246.255,=H658+ I658,1514238547,0.658476
9,84.711,moderate,high,false,246.87,=H659+ I659,1514238548,0.273435
9,84.686,moderate,moderate,false,247.485,=H660+ I660,1514238548,0.88761
9,84.661,moderate,moderate,false,248.098,=H661+ I661,1514238549,0.500606
9,84.636,moderate,high,false,248.71,=H662+ I662,1514238550,0.112963
9,84.611,moderate,moderate,false,249.325,=H663+ I663,1514238550,0.728158
9,84.586,moderate,moderate,false,249.942,=H664+ I664,1514238551,0.345369
9,84.561,moderate,low,false,250.558,=H665+ I665,1514238551,0.960908
9,84.536,moderate,low,false,251.172,=H666+ I666,1514238552,0.574788
9,84.511,moderate,high,false,251.788,=H667+ I667,1514238553,0.190827
9,84.476,low,low,true,252.402,=H668+ I668,1514238553,0.805408
9,84.446,low,low,false,253.632,=H669+ I669,1514238555,0.0351729
9,84.416,low,low,false,254.852,=H670+ I670,1514238556,0.255384
9,84.386,low,low,false,256.07,=H671+ I671,1514238557,0.473497
9,84.356,low,low,false,257.298,=H672+ I672,1514238558,0.701086
9,84.326,low,low,false,258.528,=H673+ I673,1514238559,0.931239
9,84.296,low,low,false,259.744,=H674+ I674,1514238561,0.147009
9,84.266,low,low,false,260.958,=H675+ I675,1514238562,0.361004
9,84.236,low,low,false,262.172,=H676+ I676,1514238563,0.575191
9,84.206,low,low,false,263.394,=H677+ I677,1514238564,0.796663
9,84.176,low,high,false,264.614,=H678+ I678,1514238566,0.0173678
9,84.146,low,high,false,265.841,=H679+ I679,1514238567,0.243549
9,84.106,high,high,true,267.068,=H680+ I680,1514238568,0.470822
9,84.085,high,high,false,267.193,=H681+ I681,1514238568,0.595869
9,84.064,high,high,false,267.314,=H682+ I682,1514238568,0.717303
9,84.043,high,high,false,267.436,=H683+ I683,1514238568,0.839016
9,84.022,high,high,false,267.558,=H684+ I684,1514238568,0.96054
9,84.001,high,high,false,267.68,=H685+ I685,1514238569,0.0825621
9,83.98,high,high,false,267.801,=H686+ I686,1514238569,0.204402
9,83.959,high,high,false,267.923,=H687+ I687,1514238569,0.32596
9,83.938,high,high,false,268.046,=H688+ I688,1514238569,0.448546
9,83.917,high,high,false,268.17,=H689+ I689,1514238569,0.573217
9,83.896,high,high,false,268.292,=H690+ I690,1514238569,0.694861
9,83.875,high,high,false,268.416,=H691+ I691,1514238569,0.819214
9,83.854,high,high,false,268.538,=H692+ I692,1514238569,0.941185
9,83.833,high,high,false,268.66,=H693+ I693,1514238570,0.0634355
9,83.812,high,high,false,268.782,=H694+ I694,1514238570,0.185119
9,83.791,high,high,false,268.904,=H695+ I695,1514238570,0.307447
9,83.77,high,high,false,269.026,=H696+ I696,1514238570,0.429025
9,83.749,high,high,false,269.149,=H697+ I697,1514238570,0.55158
9,83.728,high,high,false,269.271,=H698+ I698,1514238570,0.673564
9,83.707,high,high,false,269.393,=H699+ I699,1514238570,0.795915
9,83.686,high,high,false,269.514,=H700+ I700,1514238570,0.91705
9,83.665,high,high,false,269.636,=H701+ I701,1514238571,0.0387283
9,83.644,high,high,false,269.758,=H702+ I702,1514238571,0.160528
9,83.623,high,high,false,269.88,=H703+ I703,1514238571,0.282522
9,83.602,high,high,false,270.001,=H704+ I704,1514238571,0.404342
9,83.581,high,high,false,270.123,=H705+ I705,1514238571,0.525974
9,83.56,high,high,false,270.247,=H706+ I706,1514238571,0.649826
9,83.539,high,high,false,270.37,=H707+ I707,1514238571,0.77251
9,83.518,high,high,false,270.492,=H708+ I708,1514238571,0.895061
9,83.497,high,high,false,270.614,=H709+ I709,1514238572,0.0170781
9,83.476,high,high,false,270.736,=H710+ I710,1514238572,0.138803
9,83.455,high,high,false,270.858,=H711+ I711,1514238572,0.260653
9,83.434,high,high,false,270.979,=H712+ I712,1514238572,0.381744
9,83.413,high,high,false,271.1,=H713+ I713,1514238572,0.503453
9,83.392,high,high,false,271.222,=H714+ I714,1514238572,0.624729
9,83.371,high,high,false,271.343,=H715+ I715,1514238572,0.745973
9,83.35,high,high,false,271.464,=H716+ I716,1514238572,0.867408
9,83.329,high,high,false,271.586,=H717+ I717,1514238572,0.988915
9,83.308,high,high,false,271.708,=H718+ I718,1514238573,0.11101
9,83.287,high,high,false,271.829,=H719+ I719,1514238573,0.231592
9,83.266,high,high,false,271.95,=H720+ I720,1514238573,0.352722
9,83.245,high,high,false,272.071,=H721+ I721,1514238573,0.474307
9,83.224,high,high,false,272.192,=H722+ I722,1514238573,0.595426
9,83.203,high,high,false,272.314,=H723+ I723,1514238573,0.717056
9,83.182,high,high,false,272.436,=H724+ I724,1514238573,0.838613
9,83.161,high,high,false,272.56,=H725+ I725,1514238573,0.962846
9,83.14,high,high,false,272.681,=H726+ I726,1514238574,0.0843903
9,83.119,high,high,false,272.806,=H727+ I727,1514238574,0.20859
9,83.098,high,high,false,272.928,=H728+ I728,1514238574,0.330701
9,83.077,high,high,false,273.049,=H729+ I729,1514238574,0.452428
9,83.056,high,high,false,273.171,=H730+ I730,1514238574,0.573746
9,83.035,high,high,false,273.293,=H731+ I731,1514238574,0.695908
9,83.014,high,high,false,273.414,=H732+ I732,1514238574,0.817234
9,82.993,high,high,false,273.536,=H733+ I733,1514238574,0.939113
9,82.972,high,high,false,273.659,=H734+ I734,1514238575,0.0622782
9,82.951,high,high,false,273.781,=H735+ I735,1514238575,0.184046
9,82.93,high,high,false,273.903,=H736+ I736,1514238575,0.306444
9,82.909,high,high,false,274.026,=H737+ I737,1514238575,0.428721
9,82.888,high,high,false,274.151,=H738+ I738,1514238575,0.55376
9,82.867,high,high,false,274.274,=H739+ I739,1514238575,0.676774
9,82.846,high,high,false,274.395,=H740+ I740,1514238575,0.798134
9,82.825,high,high,false,274.517,=H741+ I741,1514238575,0.919996
9,82.804,high,high,false,274.639,=H742+ I742,1514238576,0.0415763
9,82.783,high,high,false,274.761,=H743+ I743,1514238576,0.16402
9,82.762,high,high,false,274.884,=H744+ I744,1514238576,0.286883
9,82.741,high,high,false,275.005,=H745+ I745,1514238576,0.407976
9,82.72,high,high,false,275.127,=H746+ I746,1514238576,0.530292
9,82.699,high,high,false,275.249,=H747+ I747,1514238576,0.651932
9,82.678,high,high,false,275.372,=H748+ I748,1514238576,0.774617
9,82.657,high,high,false,275.501,=H749+ I749,1514238576,0.903977
9,82.636,high,high,false,275.623,=H750+ I750,1514238577,0.0259541
9,82.615,high,high,false,275.745,=H751+ I751,1514238577,0.148058
9,82.594,high,high,false,275.867,=H752+ I752,1514238577,0.269862
9,82.573,high,high,false,275.99,=H753+ I753,1514238577,0.392534
9,82.552,high,high,false,276.111,=H754+ I754,1514238577,0.514002
9,82.531,high,high,false,276.233,=H755+ I755,1514238577,0.636215
9,82.51,high,high,false,276.359,=H756+ I756,1514238577,0.761557
9,82.489,high,high,false,276.48,=H757+ I757,1514238577,0.883403
9,82.468,high,high,false,276.603,=H758+ I758,1514238578,0.00578931
9,82.447,high,high,false,276.725,=H759+ I759,1514238578,0.127525
9,82.426,high,high,false,276.846,=H760+ I760,1514238578,0.249103
9,82.405,high,high,false,276.969,=H761+ I761,1514238578,0.371709
9,82.384,high,high,false,277.09,=H762+ I762,1514238578,0.493012
9,82.363,high,high,false,277.213,=H763+ I763,1514238578,0.615504
9,82.342,high,high,false,277.335,=H764+ I764,1514238578,0.737861
9,82.321,high,high,false,277.457,=H765+ I765,1514238578,0.859611
9,82.3,high,high,false,277.579,=H766+ I766,1514238578,0.982164
9,82.279,high,moderate,false,277.701,=H767+ I767,1514238579,0.103973
9,82.258,high,high,false,277.827,=H768+ I768,1514238579,0.230034
9,82.237,high,high,false,277.95,=H769+ I769,1514238579,0.352774
9,82.216,high,moderate,false,278.072,=H770+ I770,1514238579,0.475397
9,82.195,high,high,false,278.198,=H771+ I771,1514238579,0.601112
9,82.174,high,low,false,278.32,=H772+ I772,1514238579,0.723192
9,82.153,high,moderate,false,278.443,=H773+ I773,1514238579,0.845768
9,82.132,high,low,false,278.566,=H774+ I774,1514238579,0.969108
9,82.111,high,moderate,false,278.688,=H775+ I775,1514238580,0.0914324
9,82.08,low,low,true,278.812,=H776+ I776,1514238580,0.214515
9,82.05,low,low,false,280.043,=H777+ I777,1514238581,0.445715
9,82.02,low,low,false,281.272,=H778+ I778,1514238582,0.674889
9,81.99,low,low,false,282.502,=H779+ I779,1514238583,0.904616
9,81.96,low,low,false,283.734,=H780+ I780,1514238585,0.136702
9,81.93,low,low,false,284.958,=H781+ I781,1514238586,0.360907
9,81.9,low,low,false,286.189,=H782+ I782,1514238587,0.591628
9,81.87,low,low,false,287.411,=H783+ I783,1514238588,0.814234
9,81.84,low,low,false,288.645,=H784+ I784,1514238590,0.0479308
9,81.81,low,low,false,289.878,=H785+ I785,1514238591,0.281445
9,81.78,low,low,false,291.101,=H786+ I786,1514238592,0.503588
9,81.75,low,low,false,292.329,=H787+ I787,1514238593,0.731913
9,81.72,low,high,false,293.554,=H788+ I788,1514238594,0.956886
9,81.69,low,low,false,294.775,=H789+ I789,1514238596,0.177768
9,81.66,low,moderate,false,295.996,=H790+ I790,1514238597,0.399485
9,81.63,low,moderate,false,297.232,=H791+ I791,1514238598,0.635272
9,81.6,low,low,false,298.472,=H792+ I792,1514238599,0.875202
9,81.56,moderate,moderate,true,299.709,=H793+ I793,1514238601,0.112081
9,81.535,moderate,moderate,false,300.326,=H794+ I794,1514238601,0.729471
9,81.51,moderate,moderate,false,300.946,=H795+ I795,1514238602,0.349007
9,81.485,moderate,moderate,false,301.559,=H796+ I796,1514238602,0.961655
9,81.46,moderate,moderate,false,302.172,=H797+ I797,1514238603,0.575489
9,81.435,moderate,moderate,false,302.785,=H798+ I798,1514238604,0.187709
9,81.41,moderate,moderate,false,303.398,=H799+ I799,1514238604,0.801045
9,81.385,moderate,moderate,false,304.013,=H800+ I800,1514238605,0.416403
9,81.36,moderate,moderate,false,304.625,=H801+ I801,1514238606,0.0283752
9,81.335,moderate,moderate,false,305.239,=H802+ I802,1514238606,0.642147
9,81.31,moderate,moderate,false,305.855,=H803+ I803,1514238607,0.257577
9,81.285,moderate,moderate,false,306.467,=H804+ I804,1514238607,0.869977
9,81.26,moderate,moderate,false,307.088,=H805+ I805,1514238608,0.490757
9,81.235,moderate,moderate,false,307.699,=H806+ I806,1514238609,0.102228
9,81.21,moderate,moderate,false,308.316,=H807+ I807,1514238609,0.718957
9,81.185,moderate,moderate,false,308.929,=H808+ I808,1514238610,0.332194
9,81.16,moderate,moderate,false,309.545,=H809+ I809,1514238610,0.948255
9,81.135,moderate,moderate,false,310.159,=H810+ I810,1514238611,0.561707
9,81.11,moderate,moderate,false,310.769,=H811+ I811,1514238612,0.172382
9,81.085,moderate,low,false,311.384,=H812+ I812,1514238612,0.786763
9,81.06,moderate,moderate,false,311.993,=H813+ I813,1514238613,0.395589
9,81.035,moderate,low,false,312.604,=H814+ I814,1514238614,0.00682108
9,81.01,moderate,high,false,313.214,=H815+ I815,1514238614,0.61728
9,80.985,moderate,moderate,false,313.827,=H816+ I816,1514238615,0.229786
9,80.96,moderate,high,false,314.44,=H817+ I817,1514238615,0.843013
9,80.935,moderate,moderate,false,315.06,=H818+ I818,1514238616,0.462942
9,80.9,high,high,true,315.67,=H819+ I819,1514238617,0.0729506
9,80.879,high,high,false,315.795,=H820+ I820,1514238617,0.198107
9,80.858,high,high,false,315.918,=H821+ I821,1514238617,0.321052
9,80.837,high,high,false,316.04,=H822+ I822,1514238617,0.443286
9,80.816,high,high,false,316.164,=H823+ I823,1514238617,0.566584
9,80.795,high,high,false,316.289,=H824+ I824,1514238617,0.691972
9,80.774,high,high,false,316.412,=H825+ I825,1514238617,0.81458
9,80.753,high,high,false,316.534,=H826+ I826,1514238617,0.937094
9,80.732,high,high,false,316.657,=H827+ I827,1514238618,0.0598272
9,80.711,high,high,false,316.779,=H828+ I828,1514238618,0.182432
9,80.69,high,high,false,316.902,=H829+ I829,1514238618,0.305135
9,80.669,high,high,false,317.027,=H830+ I830,1514238618,0.430342
9,80.648,high,high,false,317.152,=H831+ I831,1514238618,0.554907
9,80.627,high,high,false,317.274,=H832+ I832,1514238618,0.676969
9,80.606,high,high,false,317.396,=H833+ I833,1514238618,0.798954
9,80.585,high,high,false,317.518,=H834+ I834,1514238618,0.92112
9,80.564,high,high,false,317.64,=H835+ I835,1514238619,0.0432829
9,80.543,high,high,false,317.763,=H836+ I836,1514238619,0.166332
9,80.522,high,high,false,317.886,=H837+ I837,1514238619,0.288531
9,80.501,high,high,false,318.008,=H838+ I838,1514238619,0.410596
9,80.48,high,high,false,318.13,=H839+ I839,1514238619,0.533282
9,80.459,high,high,false,318.253,=H840+ I840,1514238619,0.655611
9,80.438,high,high,false,318.375,=H841+ I841,1514238619,0.777664
9,80.417,high,high,false,318.496,=H842+ I842,1514238619,0.89948
9,80.396,high,high,false,318.618,=H843+ I843,1514238620,0.0214248
9,80.375,high,high,false,318.74,=H844+ I844,1514238620,0.143236
9,80.354,high,high,false,318.862,=H845+ I845,1514238620,0.265361
9,80.333,high,high,false,318.985,=H846+ I846,1514238620,0.387985
9,80.312,high,high,false,319.108,=H847+ I847,1514238620,0.510832
9,80.291,high,high,false,319.233,=H848+ I848,1514238620,0.636381
9,80.27,high,high,false,319.357,=H849+ I849,1514238620,0.759859
9,80.249,high,high,false,319.479,=H850+ I850,1514238620,0.881875
9,80.228,high,high,false,319.601,=H851+ I851,1514238621,0.0036847
9,80.207,high,high,false,319.722,=H852+ I852,1514238621,0.125487
9,80.186,high,high,false,319.846,=H853+ I853,1514238621,0.24898
9,80.165,high,high,false,319.971,=H854+ I854,1514238621,0.374264
9,80.144,high,high,false,320.093,=H855+ I855,1514238621,0.496338
9,80.123,high,high,false,320.216,=H856+ I856,1514238621,0.618902
9,80.102,high,high,false,320.338,=H857+ I857,1514238621,0.740716
9,80.081,high,high,false,320.46,=H858+ I858,1514238621,0.862834
9,80.06,high,high,false,320.582,=H859+ I859,1514238621,0.985024
9,80.039,high,high,false,320.704,=H860+ I860,1514238622,0.107102
9,80.018,high,high,false,320.83,=H861+ I861,1514238622,0.232634
9,79.997,high,high,false,320.952,=H862+ I862,1514238622,0.35486
9,79.976,high,high,false,321.074,=H863+ I863,1514238622,0.476575
9,79.955,high,high,false,321.196,=H864+ I864,1514238622,0.599066
9,79.934,high,high,false,321.321,=H865+ I865,1514238622,0.724212
9,79.913,high,high,false,321.442,=H866+ I866,1514238622,0.845462
9,79.892,high,high,false,321.564,=H867+ I867,1514238622,0.967298
9,79.871,high,high,false,321.686,=H868+ I868,1514238623,0.0893329
9,79.85,high,high,false,321.808,=H869+ I869,1514238623,0.211187
9,79.829,high,high,false,321.93,=H870+ I870,1514238623,0.33315
9,79.808,high,high,false,322.052,=H871+ I871,1514238623,0.455365
9,79.787,high,high,false,322.175,=H872+ I872,1514238623,0.577744
9,79.766,high,high,false,322.296,=H873+ I873,1514238623,0.699384
9,79.745,high,high,false,322.418,=H874+ I874,1514238623,0.820768
9,79.724,high,high,false,322.54,=H875+ I875,1514238623,0.942641
9,79.703,high,high,false,322.661,=H876+ I876,1514238624,0.0641123
9,79.682,high,high,false,322.782,=H877+ I877,1514238624,0.185478
9,79.661,high,high,false,322.904,=H878+ I878,1514238624,0.306788
9,79.64,high,high,false,323.026,=H879+ I879,1514238624,0.429362
9,79.619,high,high,false,323.149,=H880+ I880,1514238624,0.55177
9,79.598,high,high,false,323.27,=H881+ I881,1514238624,0.673434
9,79.577,high,high,false,323.393,=H882+ I882,1514238624,0.796293
9,79.556,high,high,false,323.515,=H883+ I883,1514238624,0.917941
9,79.535,high,high,false,323.637,=H884+ I884,1514238625,0.0396674
9,79.514,high,high,false,323.759,=H885+ I885,1514238625,0.1624
9,79.493,high,high,false,323.882,=H886+ I886,1514238625,0.285293
9,79.472,high,high,false,324.005,=H887+ I887,1514238625,0.408223
9,79.451,high,high,false,324.127,=H888+ I888,1514238625,0.529976
9,79.43,high,high,false,324.249,=H889+ I889,1514238625,0.651712
9,79.409,high,high,false,324.371,=H890+ I890,1514238625,0.77423
9,79.388,high,high,false,324.493,=H891+ I891,1514238625,0.895759
9,79.367,high,high,false,324.615,=H892+ I892,1514238626,0.0180794
9,79.346,high,high,false,324.737,=H893+ I893,1514238626,0.139989
9,79.325,high,high,false,324.859,=H894+ I894,1514238626,0.262431
9,79.304,high,high,false,324.981,=H895+ I895,1514238626,0.384425
9,79.283,high,high,false,325.103,=H896+ I896,1514238626,0.506097
9,79.262,high,high,false,325.225,=H897+ I897,1514238626,0.627858
9,79.241,high,high,false,325.346,=H898+ I898,1514238626,0.749501
9,79.22,high,high,false,325.47,=H899+ I899,1514238626,0.872696
9,79.199,high,high,false,325.592,=H900+ I900,1514238626,0.994837
9,79.178,high,high,false,325.714,=H901+ I901,1514238627,0.116889
9,79.157,high,low,false,325.837,=H902+ I902,1514238627,0.239691
9,79.136,high,moderate,false,325.958,=H903+ I903,1514238627,0.361429
9,79.115,high,moderate,false,326.08,=H904+ I904,1514238627,0.483272
9,79.094,high,low,false,326.206,=H905+ I905,1514238627,0.608974
9,79.063,low,low,true,326.327,=H906+ I906,1514238627,0.730301
9,79.033,low,low,false,327.572,=H907+ I907,1514238628,0.974787
9,79.003,low,low,false,328.827,=H908+ I908,1514238630,0.230364
9,78.973,low,low,false,330.082,=H909+ I909,1514238631,0.484919
9,78.943,low,low,false,331.331,=H910+ I910,1514238632,0.733977
9,78.913,low,low,false,332.564,=H911+ I911,1514238633,0.966673
9,78.883,low,low,false,333.791,=H912+ I912,1514238635,0.193838
9,78.853,low,low,false,335.021,=H913+ I913,1514238636,0.423927
9,78.823,low,low,false,336.245,=H914+ I914,1514238637,0.6484
9,78.793,low,low,false,337.47,=H915+ I915,1514238638,0.87328
9,78.763,low,high,false,338.701,=H916+ I916,1514238640,0.104403
9,78.733,low,moderate,false,339.926,=H917+ I917,1514238641,0.328879
9,78.703,low,low,false,341.152,=H918+ I918,1514238642,0.555302
9,78.673,low,moderate,false,342.379,=H919+ I919,1514238643,0.782012
9,78.643,low,low,false,343.613,=H920+ I920,1514238645,0.0161944
9,78.603,moderate,moderate,true,344.843,=H921+ I921,1514238646,0.2463
9,78.578,moderate,moderate,false,345.461,=H922+ I922,1514238646,0.864251
9,78.553,moderate,moderate,false,346.076,=H923+ I923,1514238647,0.47887
9,78.528,moderate,moderate,false,346.686,=H924+ I924,1514238648,0.0885591
9,78.503,moderate,moderate,false,347.296,=H925+ I925,1514238648,0.699258
9,78.478,moderate,moderate,false,347.91,=H926+ I926,1514238649,0.312905
9,78.453,moderate,moderate,false,348.527,=H927+ I927,1514238649,0.929737
9,78.428,moderate,moderate,false,349.145,=H928+ I928,1514238650,0.548381
9,78.403,moderate,moderate,false,349.758,=H929+ I929,1514238651,0.161469
9,78.378,moderate,moderate,false,350.372,=H930+ I930,1514238651,0.774694
9,78.353,moderate,moderate,false,350.983,=H931+ I931,1514238652,0.385565
9,78.328,moderate,moderate,false,351.595,=H932+ I932,1514238652,0.997589
9,78.303,moderate,moderate,false,352.209,=H933+ I933,1514238653,0.612339
9,78.278,moderate,moderate,false,352.837,=H934+ I934,1514238654,0.240255
9,78.253,moderate,moderate,false,353.456,=H935+ I935,1514238654,0.8589
9,78.228,moderate,moderate,false,354.078,=H936+ I936,1514238655,0.48101
9,78.203,moderate,moderate,false,354.695,=H937+ I937,1514238656,0.0977076
9,78.178,moderate,moderate,false,355.306,=H938+ I938,1514238656,0.709274
9,78.153,moderate,moderate,false,355.918,=H939+ I939,1514238657,0.321298
9,78.128,moderate,moderate,false,356.531,=H940+ I940,1514238657,0.933877
9,78.103,moderate,high,false,357.144,=H941+ I941,1514238658,0.547014
9,78.078,moderate,low,false,357.758,=H942+ I942,1514238659,0.161373
9,78.053,moderate,high,false,358.37,=H943+ I943,1514238659,0.772976
9,78.018,high,high,true,358.992,=H944+ I944,1514238660,0.394959
9,77.997,high,high,false,359.118,=H945+ I945,1514238660,0.521018
9,77.976,high,high,false,359.244,=H946+ I946,1514238660,0.647307
9,77.955,high,high,false,359.371,=H947+ I947,1514238660,0.773985
9,77.934,high,high,false,359.494,=H948+ I948,1514238660,0.896583
9,77.913,high,high,false,359.616,=H949+ I949,1514238661,0.0192276
9,77.892,high,high,false,359.739,=H950+ I950,1514238661,0.141562
9,77.871,high,high,false,359.861,=H951+ I951,1514238661,0.263747
9,77.85,high,high,false,359.983,=H952+ I952,1514238661,0.38576
9,77.829,high,high,false,360.106,=H953+ I953,1514238661,0.508894
9,77.808,high,high,false,360.228,=H954+ I954,1514238661,0.630761
9,77.787,high,high,false,360.35,=H955+ I955,1514238661,0.752725
9,77.766,high,high,false,360.472,=H956+ I956,1514238661,0.874968
9,77.745,high,high,false,360.597,=H957+ I957,1514238662,0.000271576
9,77.724,high,high,false,360.719,=H958+ I958,1514238662,0.122326
9,77.703,high,high,false,360.842,=H959+ I959,1514238662,0.244859
9,77.682,high,high,false,360.964,=H960+ I960,1514238662,0.367318
9,77.661,high,high,false,361.087,=H961+ I961,1514238662,0.489749
9,77.64,high,high,false,361.209,=H962+ I962,1514238662,0.611807
9,77.619,high,high,false,361.334,=H963+ I963,1514238662,0.737154
9,77.598,high,high,false,361.457,=H964+ I964,1514238662,0.85962
9,77.577,high,high,false,361.579,=H965+ I965,1514238662,0.982475
9,77.556,high,high,false,361.702,=H966+ I966,1514238663,0.104642
9,77.535,high,high,false,361.829,=H967+ I967,1514238663,0.231553
9,77.514,high,high,false,361.951,=H968+ I968,1514238663,0.353882
9,77.493,high,high,false,362.074,=H969+ I969,1514238663,0.476978
9,77.472,high,high,false,362.197,=H970+ I970,1514238663,0.600305
9,77.451,high,high,false,362.32,=H971+ I971,1514238663,0.723286
9,77.43,high,high,false,362.443,=H972+ I972,1514238663,0.846413
9,77.409,high,high,false,362.568,=H973+ I973,1514238663,0.9713
9,77.388,high,high,false,362.69,=H974+ I974,1514238664,0.0934054
9,77.367,high,high,false,362.813,=H975+ I975,1514238664,0.215726
9,77.346,high,high,false,362.935,=H976+ I976,1514238664,0.337937
9,77.325,high,high,false,363.061,=H977+ I977,1514238664,0.463777
9,77.304,high,high,false,363.187,=H978+ I978,1514238664,0.589537
9,77.283,high,high,false,363.31,=H979+ I979,1514238664,0.712901
9,77.262,high,high,false,363.432,=H980+ I980,1514238664,0.83527
9,77.241,high,high,false,363.554,=H981+ I981,1514238664,0.957368
9,77.22,high,high,false,363.676,=H982+ I982,1514238665,0.079375
9,77.199,high,high,false,363.799,=H983+ I983,1514238665,0.201884
9,77.178,high,high,false,363.922,=H984+ I984,1514238665,0.324932
9,77.157,high,high,false,364.045,=H985+ I985,1514238665,0.448056
9,77.136,high,high,false,364.167,=H986+ I986,1514238665,0.570473
9,77.115,high,high,false,364.294,=H987+ I987,1514238665,0.697359
9,77.094,high,high,false,364.417,=H988+ I988,1514238665,0.819712
9,77.073,high,high,false,364.538,=H989+ I989,1514238665,0.941324
9,77.052,high,high,false,364.661,=H990+ I990,1514238666,0.063721
9,77.031,high,high,false,364.784,=H991+ I991,1514238666,0.186738
9,77.01,high,high,false,364.906,=H992+ I992,1514238666,0.308731
9,76.989,high,high,false,365.028,=H993+ I993,1514238666,0.430867
9,76.968,high,high,false,365.153,=H994+ I994,1514238666,0.555977
9,76.947,high,high,false,365.275,=H995+ I995,1514238666,0.677911
9,76.926,high,high,false,365.396,=H996+ I996,1514238666,0.79942
9,76.905,high,high,false,365.518,=H997+ I997,1514238666,0.921423
9,76.884,high,high,false,365.64,=H998+ I998,1514238667,0.0432227
9,76.863,high,high,false,365.762,=H999+ I999,1514238667,0.165245
9,76.842,high,high,false,365.885,=H1000+ I1000,1514238667,0.288
9,76.821,high,high,false,366.009,=H1001+ I1001,1514238667,0.411637
9,76.8,high,high,false,366.131,=H1002+ I1002,1514238667,0.533964
9,76.779,high,high,false,366.253,=H1003+ I1003,1514238667,0.656184
9,76.758,high,high,false,366.375,=H1004+ I1004,1514238667,0.778234
9,76.737,high,high,false,366.498,=H1005+ I1005,1514238667,0.901045
9,76.716,high,high,false,366.62,=H1006+ I1006,1514238668,0.0231766
9,76.695,high,high,false,366.742,=H1007+ I1007,1514238668,0.145287
9,76.674,high,high,false,366.865,=H1008+ I1008,1514238668,0.267655
9,76.653,high,high,false,366.987,=H1009+ I1009,1514238668,0.390399
9,76.632,high,high,false,367.11,=H1010+ I1010,1514238668,0.513242
9,76.611,high,high,false,367.233,=H1011+ I1011,1514238668,0.635995
9,76.59,high,high,false,367.355,=H1012+ I1012,1514238668,0.757971
9,76.569,high,high,false,367.478,=H1013+ I1013,1514238668,0.880984
9,76.548,high,high,false,367.6,=H1014+ I1014,1514238669,0.00329262
9,76.527,high,high,false,367.723,=H1015+ I1015,1514238669,0.125957
9,76.506,high,high,false,367.846,=H1016+ I1016,1514238669,0.249253
9,76.485,high,high,false,367.969,=H1017+ I1017,1514238669,0.371762
9,76.464,high,high,false,368.091,=H1018+ I1018,1514238669,0.494282
9,76.443,high,high,false,368.214,=H1019+ I1019,1514238669,0.616879
9,76.422,high,high,false,368.337,=H1020+ I1020,1514238669,0.739931
9,76.401,high,high,false,368.463,=H1021+ I1021,1514238669,0.865754
9,76.38,high,high,false,368.586,=H1022+ I1022,1514238669,0.98871
9,76.359,high,high,false,368.708,=H1023+ I1023,1514238670,0.11124
9,76.338,high,high,false,368.831,=H1024+ I1024,1514238670,0.233551
9,76.317,high,high,false,368.953,=H1025+ I1025,1514238670,0.355599
9,76.296,high,high,false,369.078,=H1026+ I1026,1514238670,0.480838
9,76.275,high,moderate,false,369.2,=H1027+ I1027,1514238670,0.603076
9,76.254,high,low,false,369.322,=H1028+ I1028,1514238670,0.725202
9,76.233,high,low,false,369.444,=H1029+ I1029,1514238670,0.847184
9,76.212,high,high,false,369.567,=H1030+ I1030,1514238670,0.969619
9,76.191,high,moderate,false,369.689,=H1031+ I1031,1514238671,0.0922169
9,76.16,low,low,true,369.813,=H1032+ I1032,1514238671,0.215748
9,76.13,low,low,false,371.044,=H1033+ I1033,1514238672,0.446641
9,76.1,low,low,false,372.278,=H1034+ I1034,1514238673,0.680928
9,76.07,low,low,false,373.507,=H1035+ I1035,1514238674,0.910221
9,76.04,low,low,false,374.734,=H1036+ I1036,1514238676,0.137229
9,76.01,low,low,false,375.958,=H1037+ I1037,1514238677,0.360509
9,75.98,low,low,false,377.181,=H1038+ I1038,1514238678,0.583544
9,75.95,low,low,false,378.402,=H1039+ I1039,1514238679,0.805265
9,75.92,low,low,false,379.624,=H1040+ I1040,1514238681,0.0267137
9,75.89,low,low,false,380.844,=H1041+ I1041,1514238682,0.24737
9,75.86,low,low,false,382.073,=H1042+ I1042,1514238683,0.476219
9,75.83,low,low,false,383.304,=H1043+ I1043,1514238684,0.706688
9,75.8,low,moderate,false,384.525,=H1044+ I1044,1514238685,0.928363
9,75.77,low,high,false,385.752,=H1045+ I1045,1514238687,0.155472
9,75.74,low,low,false,386.985,=H1046+ I1046,1514238688,0.388472
9,75.71,low,moderate,false,388.218,=H1047+ I1047,1514238689,0.621107
9,75.68,low,high,false,389.445,=H1048+ I1048,1514238690,0.84788
9,75.65,low,low,false,390.682,=H1049+ I1049,1514238692,0.0846347
9,75.62,low,low,false,391.913,=H1050+ I1050,1514238693,0.316423
9,75.59,low,moderate,false,393.147,=H1051+ I1051,1514238694,0.549883
9,75.56,low,high,false,394.374,=H1052+ I1052,1514238695,0.776759
9,75.53,low,moderate,false,395.599,=H1053+ I1053,1514238697,0.00217073
9,75.49,moderate,moderate,true,396.825,=H1054+ I1054,1514238698,0.22815
9,75.465,moderate,moderate,false,397.448,=H1055+ I1055,1514238698,0.850995
9,75.44,moderate,moderate,false,398.059,=H1056+ I1056,1514238699,0.461838
9,75.415,moderate,moderate,false,398.677,=H1057+ I1057,1514238700,0.0799364
9,75.39,moderate,moderate,false,399.286,=H1058+ I1058,1514238700,0.689077
9,75.365,moderate,moderate,false,399.895,=H1059+ I1059,1514238701,0.298315
9,75.34,moderate,moderate,false,400.513,=H1060+ I1060,1514238701,0.915596
9,75.315,moderate,moderate,false,401.123,=H1061+ I1061,1514238702,0.525547
9,75.29,moderate,moderate,false,401.739,=H1062+ I1062,1514238703,0.141882
9,75.265,moderate,moderate,false,402.352,=H1063+ I1063,1514238703,0.755015
9,75.24,moderate,moderate,false,402.966,=H1064+ I1064,1514238704,0.368803
9,75.215,moderate,moderate,false,403.578,=H1065+ I1065,1514238704,0.981155
9,75.19,moderate,moderate,false,404.193,=H1066+ I1066,1514238705,0.595926
9,75.165,moderate,moderate,false,404.811,=H1067+ I1067,1514238706,0.21414
9,75.14,moderate,moderate,false,405.423,=H1068+ I1068,1514238706,0.825701
9,75.115,moderate,moderate,false,406.038,=H1069+ I1069,1514238707,0.441049
9,75.09,moderate,moderate,false,406.651,=H1070+ I1070,1514238708,0.0543228
9,75.065,moderate,moderate,false,407.262,=H1071+ I1071,1514238708,0.664588
9,75.04,moderate,moderate,false,407.874,=H1072+ I1072,1514238709,0.27687
9,75.015,moderate,moderate,false,408.486,=H1073+ I1073,1514238709,0.889125
9,74.99,moderate,moderate,false,409.1,=H1074+ I1074,1514238710,0.502982
9,74.965,moderate,low,false,409.712,=H1075+ I1075,1514238711,0.115347
9,74.94,moderate,high,false,410.324,=H1076+ I1076,1514238711,0.727366
9,74.915,moderate,moderate,false,410.938,=H1077+ I1077,1514238712,0.340687
9,74.89,moderate,high,false,411.549,=H1078+ I1078,1514238712,0.95203
9,74.865,moderate,low,false,412.164,=H1079+ I1079,1514238713,0.566781
9,74.84,moderate,moderate,false,412.774,=H1080+ I1080,1514238714,0.177486
9,74.815,moderate,high,false,413.389,=H1081+ I1081,1514238714,0.792134
9,74.78,high,high,true,414.002,=H1082+ I1082,1514238715,0.404715
9,74.759,high,high,false,414.126,=H1083+ I1083,1514238715,0.528875
9,74.738,high,high,false,414.248,=H1084+ I1084,1514238715,0.650937
9,74.717,high,high,false,414.37,=H1085+ I1085,1514238715,0.772941
9,74.696,high,high,false,414.492,=H1086+ I1086,1514238715,0.895445
9,74.675,high,high,false,414.615,=H1087+ I1087,1514238716,0.0181113
9,74.654,high,high,false,414.738,=H1088+ I1088,1514238716,0.140704
9,74.633,high,high,false,414.86,=H1089+ I1089,1514238716,0.263115
9,74.612,high,high,false,414.983,=H1090+ I1090,1514238716,0.385598
9,74.591,high,high,false,415.104,=H1091+ I1091,1514238716,0.50746
9,74.57,high,high,false,415.226,=H1092+ I1092,1514238716,0.629041
9,74.549,high,high,false,415.35,=H1093+ I1093,1514238716,0.752554
9,74.528,high,high,false,415.472,=H1094+ I1094,1514238716,0.875073
9,74.507,high,high,false,415.594,=H1095+ I1095,1514238716,0.99737
9,74.486,high,high,false,415.717,=H1096+ I1096,1514238717,0.11991
9,74.465,high,high,false,415.839,=H1097+ I1097,1514238717,0.241817
9,74.444,high,high,false,415.961,=H1098+ I1098,1514238717,0.364017
9,74.423,high,high,false,416.084,=H1099+ I1099,1514238717,0.486893
9,74.402,high,high,false,416.208,=H1100+ I1100,1514238717,0.610661
9,74.381,high,high,false,416.33,=H1101+ I1101,1514238717,0.733312
9,74.36,high,high,false,416.452,=H1102+ I1102,1514238717,0.855431
9,74.339,high,high,false,416.574,=H1103+ I1103,1514238717,0.977448
9,74.318,high,high,false,416.697,=H1104+ I1104,1514238718,0.100059
9,74.297,high,high,false,416.819,=H1105+ I1105,1514238718,0.222393
9,74.276,high,high,false,416.941,=H1106+ I1106,1514238718,0.344344
9,74.255,high,high,false,417.064,=H1107+ I1107,1514238718,0.466922
9,74.234,high,high,false,417.186,=H1108+ I1108,1514238718,0.589405
9,74.213,high,high,false,417.309,=H1109+ I1109,1514238718,0.711624
9,74.192,high,high,false,417.431,=H1110+ I1110,1514238718,0.833695
9,74.171,high,high,false,417.553,=H1111+ I1111,1514238718,0.955673
9,74.15,high,high,false,417.675,=H1112+ I1112,1514238719,0.0780671
9,74.129,high,high,false,417.797,=H1113+ I1113,1514238719,0.199873
9,74.108,high,high,false,417.919,=H1114+ I1114,1514238719,0.322385
9,74.087,high,high,false,418.042,=H1115+ I1115,1514238719,0.444799
9,74.066,high,high,false,418.164,=H1116+ I1116,1514238719,0.566937
9,74.045,high,high,false,418.287,=H1117+ I1117,1514238719,0.690009
9,74.024,high,high,false,418.414,=H1118+ I1118,1514238719,0.81677
9,74.003,high,high,false,418.536,=H1119+ I1119,1514238719,0.939281
9,73.982,high,high,false,418.659,=H1120+ I1120,1514238720,0.0620088
9,73.961,high,high,false,418.782,=H1121+ I1121,1514238720,0.184785
9,73.94,high,high,false,418.903,=H1122+ I1122,1514238720,0.306432
9,73.919,high,high,false,419.025,=H1123+ I1123,1514238720,0.428331
9,73.898,high,high,false,419.148,=H1124+ I1124,1514238720,0.551207
9,73.877,high,high,false,419.274,=H1125+ I1125,1514238720,0.677224
9,73.856,high,high,false,419.4,=H1126+ I1126,1514238720,0.803354
9,73.835,high,high,false,419.524,=H1127+ I1127,1514238720,0.926792
9,73.814,high,high,false,419.647,=H1128+ I1128,1514238721,0.0495506
9,73.793,high,high,false,419.769,=H1129+ I1129,1514238721,0.17216
9,73.772,high,high,false,419.896,=H1130+ I1130,1514238721,0.298849
9,73.751,high,high,false,420.018,=H1131+ I1131,1514238721,0.42141
9,73.73,high,high,false,420.14,=H1132+ I1132,1514238721,0.5432
9,73.709,high,high,false,420.262,=H1133+ I1133,1514238721,0.665234
9,73.688,high,high,false,420.385,=H1134+ I1134,1514238721,0.788015
9,73.667,high,high,false,420.51,=H1135+ I1135,1514238721,0.912789
9,73.646,high,high,false,420.635,=H1136+ I1136,1514238722,0.0383313
9,73.625,high,high,false,420.757,=H1137+ I1137,1514238722,0.160487
9,73.604,high,high,false,420.88,=H1138+ I1138,1514238722,0.28318
9,73.583,high,high,false,421.006,=H1139+ I1139,1514238722,0.409245
9,73.562,high,high,false,421.129,=H1140+ I1140,1514238722,0.53175
9,73.541,high,high,false,421.25,=H1141+ I1141,1514238722,0.653371
9,73.52,high,high,false,421.372,=H1142+ I1142,1514238722,0.774642
9,73.499,high,high,false,421.494,=H1143+ I1143,1514238722,0.896951
9,73.478,high,high,false,421.617,=H1144+ I1144,1514238723,0.0197886
9,73.457,high,high,false,421.742,=H1145+ I1145,1514238723,0.144935
9,73.436,high,high,false,421.864,=H1146+ I1146,1514238723,0.267429
9,73.415,high,high,false,421.986,=H1147+ I1147,1514238723,0.389311
9,73.394,high,high,false,422.109,=H1148+ I1148,1514238723,0.512069
9,73.373,high,high,false,422.232,=H1149+ I1149,1514238723,0.635355
9,73.352,high,high,false,422.355,=H1150+ I1150,1514238723,0.757652
9,73.331,high,high,false,422.476,=H1151+ I1151,1514238723,0.879427
9,73.31,high,high,false,422.602,=H1152+ I1152,1514238724,0.00488313
9,73.289,high,high,false,422.724,=H1153+ I1153,1514238724,0.12702
9,73.268,high,high,false,422.847,=H1154+ I1154,1514238724,0.250418
9,73.247,high,high,false,422.97,=H1155+ I1155,1514238724,0.372828
9,73.226,high,high,false,423.092,=H1156+ I1156,1514238724,0.494802
9,73.205,high,high,false,423.215,=H1157+ I1157,1514238724,0.617967
9,73.184,high,high,false,423.338,=H1158+ I1158,1514238724,0.740778
9,73.163,high,high,false,423.46,=H1159+ I1159,1514238724,0.86336
9,73.142,high,high,false,423.583,=H1160+ I1160,1514238724,0.985693
9,73.121,high,high,false,423.706,=H1161+ I1161,1514238725,0.108531
9,73.1,high,high,false,423.828,=H1162+ I1162,1514238725,0.231355
9,73.079,high,high,false,423.95,=H1163+ I1163,1514238725,0.353175
9,73.058,high,high,false,424.072,=H1164+ I1164,1514238725,0.475017
9,73.037,high,low,false,424.194,=H1165+ I1165,1514238725,0.597092
9,73.016,high,low,false,424.32,=H1166+ I1166,1514238725,0.722673
9,72.995,high,moderate,false,424.441,=H1167+ I1167,1514238725,0.844162
9,72.964,low,low,true,424.563,=H1168+ I1168,1514238725,0.966285
9,72.934,low,low,false,425.792,=H1169+ I1169,1514238727,0.194776
9,72.904,low,low,false,427.017,=H1170+ I1170,1514238728,0.419627
9,72.874,low,low,false,428.243,=H1171+ I1171,1514238729,0.645685
9,72.844,low,low,false,429.467,=H1172+ I1172,1514238730,0.870448
9,72.814,low,low,false,430.692,=H1173+ I1173,1514238732,0.095413
9,72.784,low,low,false,431.916,=H1174+ I1174,1514238733,0.318885
9,72.754,low,low,false,433.147,=H1175+ I1175,1514238734,0.550459
9,72.724,low,low,false,434.377,=H1176+ I1176,1514238735,0.779858
9,72.694,low,low,false,435.598,=H1177+ I1177,1514238737,0.00102635
9,72.664,low,low,false,436.819,=H1178+ I1178,1514238738,0.221877
9,72.634,low,high,false,438.043,=H1179+ I1179,1514238739,0.446008
9,72.604,low,low,false,439.268,=H1180+ I1180,1514238740,0.67084
9,72.574,low,high,false,440.489,=H1181+ I1181,1514238741,0.891789
9,72.544,low,moderate,false,441.712,=H1182+ I1182,1514238743,0.114701
9,72.504,high,high,true,442.933,=H1183+ I1183,1514238744,0.335683
9,72.483,high,high,false,443.058,=H1184+ I1184,1514238744,0.461043
9,72.462,high,high,false,443.181,=H1185+ I1185,1514238744,0.583724
9,72.441,high,high,false,443.302,=H1186+ I1186,1514238744,0.705306
9,72.42,high,high,false,443.424,=H1187+ I1187,1514238744,0.827007
9,72.399,high,high,false,443.549,=H1188+ I1188,1514238744,0.951999
9,72.378,high,high,false,443.672,=H1189+ I1189,1514238745,0.0745499
9,72.357,high,high,false,443.794,=H1190+ I1190,1514238745,0.197129
9,72.336,high,high,false,443.916,=H1191+ I1191,1514238745,0.318894
9,72.315,high,high,false,444.039,=H1192+ I1192,1514238745,0.441519
9,72.294,high,high,false,444.16,=H1193+ I1193,1514238745,0.56326
9,72.273,high,high,false,444.288,=H1194+ I1194,1514238745,0.691073
9,72.252,high,high,false,444.41,=H1195+ I1195,1514238745,0.812952
9,72.231,high,high,false,444.532,=H1196+ I1196,1514238745,0.935414
9,72.21,high,high,false,444.654,=H1197+ I1197,1514238746,0.0572473
9,72.189,high,high,false,444.777,=H1198+ I1198,1514238746,0.179754
9,72.168,high,high,false,444.9,=H1199+ I1199,1514238746,0.302845
9,72.147,high,high,false,445.024,=H1200+ I1200,1514238746,0.42745
9,72.126,high,high,false,445.147,=H1201+ I1201,1514238746,0.549978
9,72.105,high,high,false,445.272,=H1202+ I1202,1514238746,0.674712
9,72.084,high,high,false,445.395,=H1203+ I1203,1514238746,0.797646
9,72.063,high,high,false,445.517,=H1204+ I1204,1514238746,0.919754
9,72.042,high,high,false,445.638,=H1205+ I1205,1514238747,0.0414925
9,72.021,high,high,false,445.763,=H1206+ I1206,1514238747,0.166454
9,72,high,high,false,445.886,=H1207+ I1207,1514238747,0.288947
9,71.979,high,high,false,446.008,=H1208+ I1208,1514238747,0.411488
9,71.958,high,high,false,446.131,=H1209+ I1209,1514238747,0.534084
9,71.937,high,high,false,446.256,=H1210+ I1210,1514238747,0.659056
9,71.916,high,high,false,446.378,=H1211+ I1211,1514238747,0.780955
9,71.895,high,high,false,446.5,=H1212+ I1212,1514238747,0.902887
9,71.874,high,high,false,446.622,=H1213+ I1213,1514238748,0.0249046
9,71.853,high,high,false,446.745,=H1214+ I1214,1514238748,0.147579
9,71.832,high,high,false,446.869,=H1215+ I1215,1514238748,0.272476
9,71.811,high,high,false,446.991,=H1216+ I1216,1514238748,0.393716
9,71.79,high,high,false,447.113,=H1217+ I1217,1514238748,0.516305
9,71.769,high,high,false,447.236,=H1218+ I1218,1514238748,0.638504
9,71.748,high,high,false,447.357,=H1219+ I1219,1514238748,0.760287
9,71.727,high,high,false,447.48,=H1220+ I1220,1514238748,0.883136
9,71.706,high,high,false,447.608,=H1221+ I1221,1514238749,0.0109792
9,71.685,high,high,false,447.736,=H1222+ I1222,1514238749,0.138746
9,71.664,high,high,false,447.861,=H1223+ I1223,1514238749,0.263605
9,71.643,high,high,false,447.983,=H1224+ I1224,1514238749,0.385885
9,71.622,high,high,false,448.105,=H1225+ I1225,1514238749,0.50766
9,71.601,high,high,false,448.227,=H1226+ I1226,1514238749,0.629718
9,71.58,high,high,false,448.35,=H1227+ I1227,1514238749,0.752688
9,71.559,high,high,false,448.471,=H1228+ I1228,1514238749,0.874494
9,71.538,high,high,false,448.594,=H1229+ I1229,1514238749,0.996964
9,71.517,high,high,false,448.72,=H1230+ I1230,1514238750,0.122788
9,71.496,high,high,false,448.841,=H1231+ I1231,1514238750,0.244468
9,71.475,high,high,false,448.964,=H1232+ I1232,1514238750,0.366627
9,71.454,high,high,false,449.085,=H1233+ I1233,1514238750,0.48848
9,71.433,high,high,false,449.209,=H1234+ I1234,1514238750,0.612031
9,71.412,high,high,false,449.331,=H1235+ I1235,1514238750,0.733504
9,71.391,high,high,false,449.453,=H1236+ I1236,1514238750,0.855968
9,71.37,high,high,false,449.576,=H1237+ I1237,1514238750,0.979374
9,71.349,high,high,false,449.699,=H1238+ I1238,1514238751,0.101668
9,71.328,high,high,false,449.822,=H1239+ I1239,1514238751,0.224845
9,71.307,high,high,false,449.945,=H1240+ I1240,1514238751,0.348149
9,71.286,high,high,false,450.067,=H1241+ I1241,1514238751,0.469963
9,71.265,high,high,false,450.189,=H1242+ I1242,1514238751,0.592079
9,71.244,high,high,false,450.311,=H1243+ I1243,1514238751,0.713976
9,71.223,high,high,false,450.434,=H1244+ I1244,1514238751,0.836814
9,71.202,high,high,false,450.556,=H1245+ I1245,1514238751,0.958858
9,71.181,high,high,false,450.679,=H1246+ I1246,1514238752,0.0815624
9,71.16,high,high,false,450.801,=H1247+ I1247,1514238752,0.204041
9,71.139,high,high,false,450.922,=H1248+ I1248,1514238752,0.325222
9,71.118,high,high,false,451.044,=H1249+ I1249,1514238752,0.446884
9,71.097,high,high,false,451.167,=H1250+ I1250,1514238752,0.570291
9,71.076,high,high,false,451.29,=H1251+ I1251,1514238752,0.692759
9,71.055,high,high,false,451.412,=H1252+ I1252,1514238752,0.81497
9,71.034,high,high,false,451.535,=H1253+ I1253,1514238752,0.937515
9,71.013,high,high,false,451.656,=H1254+ I1254,1514238753,0.0593654
9,70.992,high,high,false,451.779,=H1255+ I1255,1514238753,0.181801
9,70.971,high,high,false,451.901,=H1256+ I1256,1514238753,0.304114
9,70.95,high,high,false,452.023,=H1257+ I1257,1514238753,0.426295
9,70.929,high,high,false,452.146,=H1258+ I1258,1514238753,0.548827
9,70.908,high,high,false,452.268,=H1259+ I1259,1514238753,0.671461
9,70.887,high,high,false,452.391,=H1260+ I1260,1514238753,0.794231
9,70.866,high,high,false,452.513,=H1261+ I1261,1514238753,0.916428
9,70.845,high,high,false,452.635,=H1262+ I1262,1514238754,0.038306
9,70.824,high,high,false,452.757,=H1263+ I1263,1514238754,0.160417
9,70.803,high,high,false,452.88,=H1264+ I1264,1514238754,0.282858
9,70.782,high,high,false,453.003,=H1265+ I1265,1514238754,0.405808
9,70.761,high,moderate,false,453.125,=H1266+ I1266,1514238754,0.528303
9,70.74,high,low,false,453.248,=H1267+ I1267,1514238754,0.650681
9,70.719,high,moderate,false,453.37,=H1268+ I1268,1514238754,0.773054
9,70.698,high,low,false,453.493,=H1269+ I1269,1514238754,0.896123
9,70.677,high,high,false,453.618,=H1270+ I1270,1514238755,0.0210892
9,70.646,low,low,true,453.74,=H1271+ I1271,1514238755,0.143019
9,70.616,low,low,false,454.967,=H1272+ I1272,1514238756,0.37002
9,70.586,low,low,false,456.189,=H1273+ I1273,1514238757,0.592211
9,70.556,low,low,false,457.414,=H1274+ I1274,1514238758,0.817087
9,70.526,low,low,false,458.641,=H1275+ I1275,1514238760,0.0438601
9,70.496,low,low,false,459.863,=H1276+ I1276,1514238761,0.266491
9,70.466,low,low,false,461.1,=H1277+ I1277,1514238762,0.502683
9,70.436,low,low,false,462.34,=H1278+ I1278,1514238763,0.742976
9,70.406,low,low,false,463.574,=H1279+ I1279,1514238764,0.976745
9,70.376,low,low,false,464.807,=H1280+ I1280,1514238766,0.210071
9,70.346,low,moderate,false,466.036,=H1281+ I1281,1514238767,0.439339
9,70.316,low,moderate,false,467.267,=H1282+ I1282,1514238768,0.670053
9,70.286,low,high,false,468.497,=H1283+ I1283,1514238769,0.900151
