Sensor remetente, Estado do Paciente, Enviado as (s), Processado as (s), Diff (s)
Sensor0,bom,3.27327,3.36829,0.0950198
Sensor0,bom,4.27334,4.3681,0.0947568
Sensor0,bom,5.2733,5.36821,0.0949062
Sensor0,bom,6.27324,6.36808,0.0948443
Sensor0,bom,7.27324,7.36817,0.0949374
Sensor0,bom,8.27325,8.36818,0.0949268
Sensor0,bom,9.27329,9.36823,0.0949376
Sensor0,bom,10.2734,10.3682,0.0947797
Sensor0,bom,11.2733,11.3682,0.0948844
Sensor0,bom,12.2733,12.3682,0.0948574
Sensor0,bom,13.2732,13.3682,0.0949154
Sensor0,bom,14.2732,14.3682,0.0949117
Sensor0,bom,15.2733,15.3682,0.0949017
Sensor0,bom,16.2733,16.3681,0.0948287
Sensor0,bom,17.2733,17.3682,0.0948525
Sensor0,bom,18.2734,18.3682,0.0947522
Sensor0,bom,19.2733,19.3681,0.0948631
Sensor0,bom,20.2734,20.3682,0.0947748
Sensor0,bom,21.2733,21.3681,0.0947926
Sensor0,bom,22.2732,22.3681,0.0948743
Sensor0,bom,23.2732,23.3682,0.0950024
Sensor0,bom,24.2732,24.3682,0.0949235
Sensor0,bom,25.2733,25.3682,0.0948661
Sensor0,bom,26.2733,26.3682,0.0948716
Sensor0,bom,27.2733,27.3682,0.0948677
Sensor0,bom,28.2733,28.3682,0.0948173
Sensor0,bom,29.2732,29368,0.0947901
Sensor0,bom,30.2732,30.3681,0.0948872
Sensor0,bom,31.2732,31.3682,0.0950089
Sensor0,bom,32.2733,32.3682,0.0948276
Sensor0,bom,33.2733,33.3682,0.094841
Sensor0,bom,34.2733,34.3682,0.0948259
Sensor0,bom,35.2734,35.3682,0.0948186
Sensor0,bom,36.2733,36.3682,0.0948429
Sensor0,bom,37.2733,37.3682,0.0948173
Sensor0,bom,38.2732,38.3682,0.0949855
Sensor0,bom,39.2731,39.3681,0.0949986
Sensor0,bom,40.2734,40.3682,0.0947976
Sensor0,bom,41.2733,41.3682,0.0948145
Sensor0,bom,42.2733,42.3682,0.0948675
Sensor0,bom,43.2733,43.3682,0.0948324
Sensor0,bom,44.2734,44.3682,0.094794
Sensor0,bom,45.2733,45.3681,0.0947621
Sensor0,bom,46.2733,46.3681,0.0948273
Sensor0,bom,47.2732,47.3682,0.0949595
Sensor0,bom,48.2733,48.3681,0.0948448
Sensor0,bom,49.2733,49.3681,0.0948257
Sensor0,bom,50.2732,50.3681,0.0948908
Sensor0,bom,51.2733,51.3682,0.0948252
Sensor0,bom,52.2734,52.3682,0.0948124
Sensor0,bom,53.2734,53.3682,0.0947735
Sensor0,bom,54.2733,54.3681,0.0948461
Sensor0,bom,55273,55.3682,0.0952051
Sensor0,bom,56.2733,56.3682,0.0949547
Sensor0,bom,57.2734,57.3682,0.0948045
Sensor0,bom,58.2734,58.3682,0.0948349
Sensor0,bom,59.2733,59.3682,0.0948971
Sensor0,bom,60.2733,60.3682,0.0948258
Sensor0,bom,61.2733,61.3682,0.0948804
Sensor0,bom,62.2732,62368,0.0948344
Sensor0,bom,63.2731,63.3681,0.0949381
Sensor0,bom,64.2733,64.3682,0.0949002
Sensor0,bom,65.2733,65.3682,0.0949099
Sensor0,bom,66.2732,66.3681,0.0948683
Sensor0,bom,67.2733,67.3681,0.0948112
Sensor0,bom,68.2733,68.3682,0.0948737
Sensor0,bom,69.2733,69.3681,0.0948469
Sensor0,bom,70.2733,70368,0.0946937
Sensor0,bom,71.2732,71368,0.0947909
Sensor0,bom,72.2732,72.3681,0.0949689
Sensor0,bom,73.2733,73.3682,0.0948883
Sensor0,bom,74.2733,74.3682,0.094885
Sensor0,bom,75.2733,75.3681,0.0948235
Sensor0,bom,76.2732,76.3682,0.0949367
Sensor0,bom,77.2732,77.3682,0.0949398
Sensor0,bom,78.2732,78.3681,0.0948404
Sensor0,bom,79.2731,79.3681,0.0949391
Sensor0,bom,80.2732,80.3681,0.0949656
Sensor0,bom,81.2733,81.3681,0.0948264
Sensor0,bom,82.2734,82.3682,0.0947957
Sensor0,bom,83.2733,83.3681,0.0948172
Sensor0,bom,84.2733,84.3681,0.094818
Sensor0,bom,85.2733,85.3682,0.0949119
Sensor0,bom,86.2733,86.3681,0.0948405
Sensor0,bom,87.2733,87.3681,0.0948538
Sensor0,bom,88.2733,88.3682,0.0948788
Sensor0,bom,89.2733,89.3682,0.0948596
Sensor0,bom,90.2734,90.3682,0.0947945
Sensor0,bom,91.2734,91.3682,0.0947909
Sensor0,bom,92.2733,92.3682,0.0949022
Sensor0,bom,93.2733,93.3682,0.0948944
Sensor0,bom,94.2732,94.3681,0.0948518
Sensor0,bom,95.2732,95.3681,0.0948807
Sensor0,bom,96.2732,96.3682,0.0949415
Sensor0,bom,97.2732,97.3682,0.0949322
Sensor0,bom,98.2733,98.3681,0.094771
Sensor0,bom,99.2733,99.3681,0.0948383
Sensor0,bom,100273,100368,0.09482
Sensor0,bom,101273,101368,0.0948372
Sensor0,bom,102273,102368,0.0949472
Sensor0,bom,103273,103368,0.0947885
Sensor0,bom,104273,104368,0.0949531
Sensor0,bom,105273,105368,0.0948461
Sensor0,bom,106273,106368,0.0948886
Sensor0,bom,107273,107368,0.0948669
Sensor0,bom,108273,108368,0.0948624
Sensor0,bom,109273,109368,0.094829
Sensor0,bom,110273,110368,0.0948846
Sensor0,bom,111273,111368,0.0946946
Sensor0,bom,112273,112368,0.0948581
Sensor0,bom,113273,113368,0.094833
Sensor0,bom,114273,114368,0.0949124
Sensor0,bom,115273,115368,0.0948867
Sensor0,bom,116273,116368,0.0948674
Sensor0,bom,117273,117369,0.095135
Sensor0,bom,118273,118368,0.0948358
Sensor0,bom,119273,119368,0.0948132
Sensor0,bom,120273,120368,0.0948756
Sensor0,bom,121273,121368,0.0948714
Sensor0,bom,122273,122368,0.0948645
Sensor0,bom,123273,123368,0.0948362
Sensor0,bom,124273,124368,0.0948698
Sensor0,bom,125273,125368,0.0948975
Sensor0,bom,126273,126368,0.0948491
Sensor0,bom,127273,127368,0.0948023
Sensor0,bom,128273,128368,0.0948107
Sensor0,bom,129273,129368,0.0948572
Sensor0,bom,130273,130368,0.0948567
Sensor0,bom,131273,131368,0.0948501
Sensor0,bom,132273,132368,0.0948271
Sensor0,bom,133273,133368,0.0948144
Sensor0,bom,134273,134368,0.0948345
Sensor0,bom,135273,135368,0.0947613
Sensor0,bom,136273,136368,0.0948974
Sensor0,bom,137273,137368,0.0948558
Sensor0,bom,138273,138368,0.0948368
Sensor0,bom,139273,139368,0.0948667
Sensor0,bom,140273,140368,0.0947849
Sensor0,bom,141273,141368,0.0948612
Sensor0,bom,142273,142368,0.0948952
Sensor0,bom,143273,143368,0.0948094
Sensor0,bom,144273,144368,0.0948531
Sensor0,bom,145273,145368,0.0947887
Sensor0,bom,146273,146368,0.0949657
Sensor0,bom,147273,147368,0.0948411
Sensor0,bom,148273,148368,0.0948703
Sensor0,bom,149273,149368,0.0948891
Sensor0,bom,150273,150368,0.0949565
Sensor0,bom,151273,151368,0.0949454
Sensor0,bom,152273,152368,0.0948906
Sensor0,bom,153273,153368,0.094808
Sensor0,bom,154273,154368,0.0948653
Sensor0,bom,155273,155368,0.0948827
Sensor0,bom,156273,156368,0.0948427
Sensor0,bom,157273,157368,0.0948184
Sensor0,bom,158273,158368,0.0949025
Sensor0,bom,159273,159368,0.0947846
Sensor0,bom,160273,160368,0.0948997
Sensor0,bom,161273,161368,0.0949046
Sensor0,bom,162273,162368,0.0948672
Sensor0,bom,163273,163368,0.094866
Sensor0,bom,164273,164368,0.0949208
Sensor0,bom,165273,165368,0.0948919
Sensor0,bom,166273,166368,0.0948737
Sensor0,bom,167273,167368,0.0948135
Sensor0,bom,168273,168368,0.094918
Sensor0,bom,169273,169368,0.0947639
Sensor0,bom,170273,170368,0.0948352
Sensor0,bom,171273,171368,0.0948056
Sensor0,bom,172273,172368,0.0947815
Sensor0,bom,173273,173368,0.0947923
Sensor0,bom,174273,174368,0.0949496
Sensor0,bom,175273,175368,0.0949157
Sensor0,bom,176273,176368,0.09497
Sensor0,bom,177273,177368,0.0949744
Sensor0,bom,178273,178368,0.094898
Sensor0,bom,179273,179368,0.094976
Sensor0,bom,180273,180368,0.0949301
Sensor0,bom,181273,181368,0.0949305
Sensor0,bom,182273,182368,0.0948602
Sensor0,bom,183273,183368,0.0949731
Sensor0,bom,184273,184368,0.0949632
Sensor0,bom,185273,185368,0.0948495
Sensor0,bom,186273,186368,0.094891
Sensor0,bom,187273,187368,0.094898
Sensor0,bom,188273,188368,0.0949271
Sensor0,bom,189273,189368,0.0948026
Sensor0,bom,190273,190368,0.0949235
Sensor0,bom,191273,191368,0.0948378
Sensor0,bom,192273,192368,0.0950468
Sensor0,bom,193273,193368,0.0949005
Sensor0,bom,194273,194368,0.0948706
Sensor0,bom,195273,195368,0.0948865
Sensor0,bom,196273,196368,0.0948706
Sensor0,bom,197273,197368,0.0949842
Sensor0,bom,198273,198368,0.0949857
Sensor0,bom,199273,199368,0.0949913
Sensor0,bom,200273,200368,0.0949964
Sensor0,bom,201273,201368,0.0949228
Sensor0,bom,202273,202368,0.0949692
Sensor0,bom,203273,203368,0.094981
Sensor0,bom,204273,204368,0.094898
Sensor0,bom,205273,205368,0.0949306
Sensor0,bom,206273,206368,0.0948586
Sensor0,bom,207273,207368,0.0948198
Sensor0,bom,208273,208368,0.0948972
Sensor0,bom,209273,209368,0.0949478
Sensor0,bom,210273,210368,0.0949327
Sensor0,bom,211273,211368,0.0949372
Sensor0,bom,212273,212368,0.0949819
Sensor0,bom,213273,213368,0.0949213
Sensor0,bom,214273,214368,0.0949399
Sensor0,bom,215273,215368,0.09503
Sensor0,bom,216273,216368,0.0949583
Sensor0,bom,217273,217368,0.0949092
Sensor0,bom,218273,218368,0.0948812
Sensor0,bom,219273,219368,0.0949571
Sensor0,bom,220273,220368,0.0948897
Sensor0,bom,221273,221368,0.0948517
Sensor0,bom,222273,222368,0.0947694
Sensor0,bom,223273,223368,0.0948447
Sensor0,bom,224273,224368,0.0948083
Sensor0,bom,225273,225368,0.0950127
Sensor0,bom,226273,226368,0.09488
Sensor0,bom,227273,227368,0.0948266
Sensor0,bom,228273,228368,0.0948531
Sensor0,bom,229273,229368,0.0949766
Sensor0,bom,230273,230368,0.0948698
Sensor0,bom,231273,231368,0.0948924
Sensor0,bom,232273,232368,0.0949311
Sensor0,bom,233273,233368,0.0949516
Sensor0,bom,234273,234368,0.0948749
Sensor0,bom,235273,235368,0.0948322
Sensor0,bom,236273,236368,0.0949635
Sensor0,bom,237273,237368,0.0948197
Sensor0,bom,238273,238368,0.0948478
Sensor0,bom,239273,239368,0.0948618
Sensor0,bom,240273,240368,0.0949082
Sensor0,bom,241273,241368,0.0948048
Sensor0,bom,242273,242368,0.0948826
Sensor0,bom,243273,243368,0.094892
Sensor0,bom,244273,244368,0.0948267
Sensor0,bom,245273,245368,0.0949605
Sensor0,bom,246273,246368,0.0949098
Sensor0,bom,247273,247368,0.0948703
Sensor0,bom,248273,248368,0.0948842
Sensor0,bom,249273,249368,0.0949334
Sensor0,bom,250273,250368,0.0948838
Sensor0,bom,251273,251368,0.0948054
Sensor0,bom,252273,252368,0.0948638
Sensor0,bom,253273,253368,0.0949021
Sensor0,bom,254273,254368,0.0948872
Sensor0,bom,255273,255368,0.0948218
Sensor0,bom,256273,256368,0.0949002
Sensor0,bom,257273,257368,0.0949289
Sensor0,bom,258273,258368,0.0949122
Sensor0,bom,259273,259368,0.0948755
Sensor0,bom,260273,260368,0.0948889
Sensor0,bom,261273,261368,0.0948804
Sensor0,bom,262273,262368,0.0950128
Sensor0,bom,263273,263368,0.0948569
Sensor0,bom,264273,264368,0.0948882
Sensor0,bom,265273,265368,0.094933
Sensor0,bom,266273,266368,0.0950045
Sensor0,bom,267273,267368,0.094934
Sensor0,bom,268273,268368,0.0949307
Sensor0,bom,269273,269368,0.0948788
Sensor0,bom,270273,270368,0.0949109
Sensor0,bom,271273,271368,0.0948957
Sensor0,bom,272273,272368,0.0948523
Sensor0,bom,273273,273368,0.0949248
Sensor0,bom,274273,274368,0.0949694
Sensor0,bom,275273,275368,0.0948711
Sensor0,bom,276273,276368,0.0949498
Sensor0,bom,277273,277368,0.0948514
Sensor0,bom,278273,278368,0.0948544
Sensor0,bom,279273,279368,0.0949414
Sensor0,bom,280273,280368,0.0948318
Sensor0,bom,281273,281368,0.0948959
Sensor0,bom,282273,282368,0.0948812
Sensor0,bom,283273,283368,0.0948588
Sensor0,bom,284273,284368,0.094895
Sensor0,bom,285273,285368,0.0949177
Sensor0,bom,286273,286368,0.0948319
Sensor0,bom,287273,287368,0.0947658
Sensor0,bom,288273,288368,0.0947498
Sensor0,bom,289273,289368,0.0949273
Sensor0,bom,290273,290368,0.0948402
Sensor0,bom,291273,291368,0.0948432
Sensor0,bom,292273,292368,0.0947768
Sensor0,bom,293273,293368,0.0947827
Sensor0,bom,294273,294368,0.0949009
Sensor0,bom,295273,295368,0.0948707
Sensor0,bom,296273,296368,0.0949751
Sensor0,bom,297273,297368,0.0946756
Sensor0,bom,298273,298368,0.0948175
Sensor0,bom,299273,299368,0.0947516
Sensor0,bom,300273,300368,0.0948348
Sensor0,bom,301275,301368,0.0934667
Sensor1,bom,4.07901,4.16824,0.0892255
Sensor1,bom,5.0791,5.16833,0.0892239
Sensor1,bom,6.07893,6.1681,0.0891688
Sensor1,bom,7.07889,7.16827,0.0893807
Sensor1,bom,8.0791,8.16817,0.0890668
Sensor1,bom,9.07921,9.1682,0.0889902
Sensor1,bom,10.0791,10.1682,0.0890545
Sensor1,bom,11.0791,11.1682,0.0890471
Sensor1,bom,12.0791,12.1682,0.0890561
Sensor1,bom,13.0792,13.1681,0.0889427
Sensor1,bom,14079,14.1681,0.0890865
Sensor1,bom,15.0789,15.1682,0.0892855
Sensor1,bom,16.0791,16.1687,0.0896792
Sensor1,bom,17079,17.1682,0.0891123
Sensor1,bom,18.0792,18.1681,0.0888933
Sensor1,bom,19.0791,19.1682,0.0890596
Sensor1,bom,20.0792,20.1682,0.0889448
Sensor1,bom,21.0791,21.1681,0.0890891
Sensor1,bom,22079,22.1681,0.0890483
Sensor1,bom,23.0789,23.1681,0.0892013
Sensor1,bom,24.0791,24.1682,0.0890248
Sensor1,bom,25.0792,25.1682,0.0889906
Sensor1,bom,26.0791,26.1682,0.0890902
Sensor1,bom,27.0791,27.1681,0.0890703
Sensor1,bom,28079,28.1681,0.089112
Sensor1,bom,29.0791,29.1682,0.0890992
Sensor1,bom,30079,30.1681,0.0891064
Sensor1,bom,31079,31168,0.0890646
Sensor1,bom,32.0789,32.1682,0.0892805
Sensor1,bom,33.0792,33.1682,0.088998
Sensor1,bom,34.0792,34.1682,0.0890014
Sensor1,bom,35.0791,35.1682,0.0890749
Sensor1,bom,36.0791,36.1682,0.0890362
Sensor1,bom,37.0791,37.1682,0.0890987
Sensor1,bom,38079,38.1681,0.0890814
Sensor1,bom,39.0789,39.1681,0.0891933
Sensor1,bom,40079,40.1682,0.0891821
Sensor1,bom,41.0791,41.1682,0.0891
Sensor1,bom,42079,42.1681,0.0890935
Sensor1,bom,43.0791,43.1682,0.0891064
Sensor1,bom,44.0791,44.1681,0.0890019
Sensor1,bom,45.0791,45.1682,0.0890966
Sensor1,bom,46079,46.1681,0.0890549
Sensor1,bom,47.0789,47.1681,0.0891612
Sensor1,bom,48079,48.1681,0.089135
Sensor1,bom,49.0792,49.1681,0.0889619
Sensor1,bom,50079,50.1681,0.0890899
Sensor1,bom,51079,51.1681,0.0890899
Sensor1,bom,52079,52.1681,0.0890996
Sensor1,bom,53.0792,53.1682,0.0889791
Sensor1,bom,54.0791,54.1681,0.0889897
Sensor1,bom,55.0791,55.1681,0.0890171
Sensor1,bom,56079,56.1682,0.0891884
Sensor1,bom,57.0791,57.1682,0.0891012
Sensor1,bom,58.0791,58.1682,0.0890441
Sensor1,bom,59.0791,59.1682,0.0891184
Sensor1,bom,60.0791,60.1682,0.0890619
Sensor1,bom,61.0791,61.1682,0.0890715
Sensor1,bom,62.0791,62.1681,0.0890072
Sensor1,bom,63.0791,63168,0.0889821
Sensor1,bom,64.0789,64.1681,0.0892598
Sensor1,bom,65.0792,65.1682,0.0890164
Sensor1,bom,66079,66.1681,0.0890812
Sensor1,bom,67.0791,67.1681,0.0890209
Sensor1,bom,68.0791,68.1682,0.0891056
Sensor1,bom,69.0791,69.1681,0.0890212
Sensor1,bom,70079,70168,0.0889966
Sensor1,bom,71079,71168,0.0889574
Sensor1,bom,72079,72.1682,0.0891774
Sensor1,bom,73.0789,73.1681,0.0891778
Sensor1,bom,74.0791,74.1682,0.0890903
Sensor1,bom,75.0791,75.1682,0.0890483
Sensor1,bom,76.0791,76.1682,0.0890948
Sensor1,bom,77.0791,77.1682,0.0890558
Sensor1,bom,78079,78.1681,0.0891096
Sensor1,bom,79079,79168,0.089014
Sensor1,bom,80079,80.1681,0.0890958
Sensor1,bom,81079,81.1682,0.0892216
Sensor1,bom,82079,82.1682,0.0891642
Sensor1,bom,83079,83.1682,0.0891433
Sensor1,bom,84079,84.1681,0.089103
Sensor1,bom,85.0792,85.1682,0.0889926
Sensor1,bom,86079,86.1681,0.0890594
Sensor1,bom,87079,87.1681,0.0891322
Sensor1,bom,88.0791,88.1682,0.0891011
Sensor1,bom,89.0791,89.1682,0.0891126
Sensor1,bom,90.0791,90.1682,0.0890811
Sensor1,bom,91.0791,91.1682,0.089083
Sensor1,bom,92079,92.1682,0.0891459
Sensor1,bom,93079,93.1681,0.0891313
Sensor1,bom,94079,94.1681,0.0890576
Sensor1,bom,95079,95.1681,0.0891164
Sensor1,bom,96079,96.1682,0.0892128
Sensor1,bom,97079,97.1682,0.0891964
Sensor1,bom,98079,98.1681,0.0891119
Sensor1,bom,99079,99.1681,0.0890851
Sensor1,bom,100079,100168,0.0891278
Sensor1,bom,101079,101168,0.0890469
Sensor1,bom,102079,102168,0.0891435
Sensor1,bom,103079,103168,0.0890057
Sensor1,bom,104079,104168,0.089109
Sensor1,bom,105079,105168,0.0890905
Sensor1,bom,106079,106168,0.0890599
Sensor1,bom,107079,107168,0.0891315
Sensor1,bom,108079,108168,0.0891519
Sensor1,bom,109079,109168,0.0890171
Sensor1,bom,110079,110168,0.0891173
Sensor1,bom,111079,111168,0.0890786
Sensor1,bom,112079,112168,0.0893879
Sensor1,bom,113079,113168,0.0890379
Sensor1,bom,114079,114168,0.0891836
Sensor1,bom,115079,115168,0.0891036
Sensor1,bom,116079,116168,0.0890606
Sensor1,bom,117079,117168,0.08911
Sensor1,bom,118079,118168,0.0889542
Sensor1,bom,119079,119168,0.0891944
Sensor1,bom,120079,120168,0.0891189
Sensor1,bom,121079,121168,0.08901
Sensor1,bom,122079,122168,0.0890357
Sensor1,bom,123079,123168,0.0891004
Sensor1,bom,124079,124168,0.0890647
Sensor1,bom,125079,125168,0.0890306
Sensor1,bom,126079,126168,0.0891354
Sensor1,bom,127079,127168,0.0890043
Sensor1,bom,128079,128168,0.0891384
Sensor1,bom,129079,129168,0.0889905
Sensor1,bom,130079,130168,0.0890556
Sensor1,bom,131079,131168,0.0890423
Sensor1,bom,132079,132168,0.089077
Sensor1,bom,133079,133168,0.0891308
Sensor1,bom,134079,134168,0.0890054
Sensor1,bom,135079,135168,0.0890444
Sensor1,bom,136079,136168,0.0891677
Sensor1,bom,137079,137168,0.0889873
Sensor1,bom,138079,138168,0.0890134
Sensor1,bom,139079,139168,0.0890298
Sensor1,bom,140079,140168,0.0890444
Sensor1,bom,141079,141168,0.0890439
Sensor1,bom,142079,142168,0.0890817
Sensor1,bom,143079,143168,0.089013
Sensor1,bom,144079,144168,0.0891707
Sensor1,bom,145079,145168,0.0890984
Sensor1,bom,146079,146168,0.0891448
Sensor1,bom,147079,147168,0.089159
Sensor1,bom,148079,148168,0.0891332
Sensor1,bom,149079,149168,0.0889615
Sensor1,bom,150079,150168,0.088964
Sensor1,bom,151079,151168,0.0891794
Sensor1,bom,152079,152168,0.0890291
Sensor1,bom,153079,153168,0.0890722
Sensor1,bom,154079,154168,0.0891491
Sensor1,bom,155079,155168,0.0889888
Sensor1,bom,156079,156168,0.0890387
Sensor1,bom,157079,157168,0.0890659
Sensor1,bom,158079,158168,0.089056
Sensor1,bom,159079,159168,0.0890619
Sensor1,bom,160079,160168,0.0893006
Sensor1,bom,161079,161168,0.0891522
Sensor1,bom,162079,162168,0.0890848
Sensor1,bom,163079,163168,0.089067
Sensor1,bom,164079,164168,0.0890992
Sensor1,bom,165079,165168,0.0890931
Sensor1,bom,166079,166168,0.0890407
Sensor1,bom,167079,167168,0.0889673
Sensor1,bom,168079,168168,0.0890521
Sensor1,bom,169079,169168,0.089167
Sensor1,bom,170079,170168,0.0890229
Sensor1,bom,171079,171168,0.0890067
Sensor1,bom,172079,172168,0.0890117
Sensor1,bom,173079,173168,0.0890249
Sensor1,bom,174079,174168,0.089012
Sensor1,bom,175079,175168,0.0891417
Sensor1,bom,176079,176168,0.0892235
Sensor1,bom,177079,177168,0.0890977
Sensor1,bom,178079,178168,0.089248
Sensor1,bom,179079,179168,0.0892032
Sensor1,bom,180079,180168,0.0891499
Sensor1,bom,181079,181168,0.0892509
Sensor1,bom,182079,182168,0.0892344
Sensor1,bom,183079,183168,0.0892492
Sensor1,bom,184079,184168,0.0892414
Sensor1,bom,185079,185168,0.0891809
Sensor1,bom,186079,186168,0.0890373
Sensor1,bom,187079,187168,0.0891661
Sensor1,bom,188079,188168,0.0891027
Sensor1,bom,189079,189168,0.0890756
Sensor1,bom,190079,190168,0.0891019
Sensor1,bom,191079,191168,0.088943
Sensor1,bom,192079,192168,0.0890702
Sensor1,bom,193079,193168,0.0891774
Sensor1,bom,194079,194168,0.0891271
Sensor1,bom,195079,195168,0.0890976
Sensor1,bom,196079,196168,0.0890811
Sensor1,bom,197079,197168,0.0890598
Sensor1,bom,198079,198168,0.0891608
Sensor1,bom,199079,199168,0.0891263
Sensor1,bom,200079,200168,0.0891782
Sensor1,bom,201079,201168,0.0892157
Sensor1,bom,202079,202168,0.0891505
Sensor1,bom,203079,203168,0.0891254
Sensor1,bom,204079,204168,0.089178
Sensor1,bom,205079,205168,0.0891059
Sensor1,bom,206079,206168,0.0891341
Sensor1,bom,207079,207168,0.0890978
Sensor1,bom,208079,208168,0.0890259
Sensor1,bom,209079,209168,0.0892507
Sensor1,bom,210079,210168,0.0892352
Sensor1,bom,211079,211168,0.0891692
Sensor1,bom,212079,212168,0.0891934
Sensor1,bom,213079,213168,0.0890552
Sensor1,bom,214079,214168,0.0891009
Sensor1,bom,215079,215168,0.089092
Sensor1,bom,216079,216168,0.0892662
Sensor1,bom,217079,217168,0.0890585
Sensor1,bom,218079,218168,0.0891128
Sensor1,bom,219079,219168,0.0891608
Sensor1,bom,220079,220168,0.0891514
Sensor1,bom,221079,221168,0.0891867
Sensor1,bom,222079,222168,0.089002
Sensor1,bom,223079,223168,0.0890579
Sensor1,bom,224079,224168,0.0890367
Sensor1,bom,225079,225168,0.0892212
Sensor1,bom,226079,226168,0.0890139
Sensor1,bom,227079,227168,0.0890083
Sensor1,bom,228079,228168,0.0889721
Sensor1,bom,229079,229168,0.0889147
Sensor1,bom,230079,230168,0.0890272
Sensor1,bom,231079,231168,0.0890187
Sensor1,bom,232079,232168,0.0890822
Sensor1,bom,233079,233168,0.0891376
Sensor1,bom,234079,234168,0.0891918
Sensor1,bom,235079,235168,0.0891003
Sensor1,bom,236079,236168,0.0890417
Sensor1,bom,237079,237168,0.0890959
Sensor1,bom,238079,238168,0.0891763
Sensor1,bom,239079,239168,0.0890643
Sensor1,bom,240079,240168,0.0890307
Sensor1,bom,241079,241168,0.0891908
Sensor1,bom,242079,242168,0.0891717
Sensor1,bom,243079,243168,0.089102
Sensor1,bom,244079,244168,0.0890085
Sensor1,bom,245079,245168,0.0891287
Sensor1,bom,246079,246168,0.0891685
Sensor1,bom,247079,247168,0.0891004
Sensor1,bom,248079,248168,0.0890842
Sensor1,bom,249079,249168,0.0889743
Sensor1,bom,250079,250168,0.0889667
Sensor1,bom,251079,251168,0.0889223
Sensor1,bom,252079,252168,0.0889221
Sensor1,bom,253079,253168,0.0890464
Sensor1,bom,254079,254168,0.0890242
Sensor1,bom,255079,255168,0.0889221
Sensor1,bom,256079,256168,0.0890096
Sensor1,bom,257079,257168,0.0893071
Sensor1,bom,258079,258168,0.089131
Sensor1,bom,259079,259168,0.0891545
Sensor1,bom,260079,260168,0.0891241
Sensor1,bom,261079,261168,0.0890569
Sensor1,bom,262079,262168,0.0891033
Sensor1,bom,263079,263168,0.089223
Sensor1,bom,264079,264168,0.0889876
Sensor1,bom,265079,265168,0.0891126
Sensor1,bom,266079,266168,0.0892796
Sensor1,bom,267079,267168,0.0891922
Sensor1,bom,268079,268168,0.0891923
Sensor1,bom,269079,269168,0.0892049
Sensor1,bom,270079,270168,0.0891411
Sensor1,bom,271079,271168,0.0891441
Sensor1,bom,272079,272168,0.0890995
Sensor1,bom,273079,273168,0.0891216
Sensor1,bom,274079,274168,0.0891182
Sensor1,bom,275079,275168,0.0890766
Sensor1,bom,276079,276168,0.0890061
Sensor1,bom,277079,277168,0.0889885
Sensor1,bom,278079,278168,0.0890384
Sensor1,bom,279079,279168,0.0891665
Sensor1,bom,280079,280168,0.0890108
Sensor1,bom,281079,281168,0.0890663
Sensor1,bom,282079,282168,0.0890904
Sensor1,bom,283079,283168,0.0891407
Sensor1,bom,284079,284168,0.0890878
Sensor1,bom,285079,285168,0.0890518
Sensor1,bom,286079,286168,0.089104
Sensor1,bom,287079,287168,0.0891173
Sensor1,bom,288079,288168,0.0891159
Sensor1,bom,289079,289168,0.0891102
Sensor1,bom,290079,290168,0.0891141
Sensor1,bom,291079,291168,0.0889615
Sensor1,bom,292079,292168,0.0890481
Sensor1,bom,293079,293168,0.0889998
Sensor1,bom,294079,294168,0.0890565
Sensor1,bom,295079,295168,0.0891833
Sensor1,bom,296079,296168,0.0889451
Sensor1,bom,297079,297168,0.0890124
Sensor1,bom,298079,298168,0.0891121
Sensor1,bom,299079,299168,0.0890707
Sensor1,bom,300079,300168,0.0890251
Sensor1,bom,301079,301168,0.0889943
Sensor2,bom,4.88517,4.96814,0.0829698
Sensor2,bom,5.88472,5.96961,0.0848976
Sensor2,bom,6.88474,6.96941,0.0846701
Sensor2,bom,7.88479,7.96945,0.0846617
Sensor2,bom,8.88481,8.9695,0.0846841
Sensor2,bom,9.88493,9.96956,0.0846296
Sensor2,bom,10.8848,10.9695,0.0846688
Sensor2,bom,11.8849,11.9694,0.0845523
Sensor2,bom,12885,12.9695,0.0845404
Sensor2,bom,13.8847,13.9696,0.084846
Sensor2,bom,14.8847,14.97,0.0853331
Sensor2,bom,15.8847,15.9694,0.0846924
Sensor2,bom,16.8848,16.9695,0.084613
Sensor2,bom,17.8849,17.9694,0.0844828
Sensor2,bom,18885,18.9695,0.0844172
Sensor2,bom,19885,19.9694,0.0844416
Sensor2,bom,20.8848,20.9696,0.0847549
Sensor2,bom,21.8847,21.9694,0.0846341
Sensor2,bom,22.8847,22.9693,0.0846522
Sensor2,bom,23.8847,23.9695,0.0847679
Sensor2,bom,24.8847,24.9694,0.0847261
Sensor2,bom,25.8848,25.9694,0.0846491
Sensor2,bom,26.8848,26.9694,0.0846012
Sensor2,bom,27.8848,27.9695,0.0847173
Sensor2,bom,28.8849,28.9695,0.0846318
Sensor2,bom,29.8848,29.9694,0.0845914
Sensor2,bom,30.8847,30.9693,0.0846138
Sensor2,bom,31.8847,31.9695,0.0847379
Sensor2,bom,32.8848,32.9694,0.0846802
Sensor2,bom,33.8848,33.9694,0.0846376
Sensor2,bom,34885,34.9695,0.084542
Sensor2,bom,35.8849,35.9696,0.0846999
Sensor2,bom,36.8849,36.9695,0.084681
Sensor2,bom,37.8848,37.9695,0.0846592
Sensor2,bom,38.8846,38.9694,0.0848176
Sensor2,bom,39.8847,39.9696,0.0849204
Sensor2,bom,40.8846,40.9695,0.0848718
Sensor2,bom,41.8848,41.9694,0.0846345
Sensor2,bom,42.8847,42.9694,0.0847101
Sensor2,bom,43.8849,43.9695,0.0845891
Sensor2,bom,44.8848,44.9694,0.0846474
Sensor2,bom,45.8848,45.9694,0.084657
Sensor2,bom,46.8847,46.9694,0.0846741
Sensor2,bom,47.8847,47.9694,0.0847172
Sensor2,bom,48.8847,48.9694,0.0847027
Sensor2,bom,49.8847,49.9695,0.0848161
Sensor2,bom,50.8847,50.9694,0.0847444
Sensor2,bom,51.8848,51.9696,0.0847314
Sensor2,bom,52885,52.9694,0.0843746
Sensor2,bom,53885,53.9695,0.0845094
Sensor2,bom,54.8848,54.9695,0.0846563
Sensor2,bom,55.8849,55.9695,0.0845167
Sensor2,bom,56.8848,56.9696,0.0848016
Sensor2,bom,57.8849,57.9696,0.0846508
Sensor2,bom,58.8848,58.9696,0.0847406
Sensor2,bom,59.8848,59.9696,0.0847781
Sensor2,bom,60.8848,60.9696,0.084768
Sensor2,bom,61.8849,61.9693,0.0844461
Sensor2,bom,62.8847,62.9695,0.0847783
Sensor2,bom,63.8847,63.9694,0.0847345
Sensor2,bom,64.8849,64.9695,0.0846285
Sensor2,bom,65.8848,65.9694,0.084656
Sensor2,bom,66.8849,66.9694,0.0844589
Sensor2,bom,67.8848,67.9694,0.0846715
Sensor2,bom,68.8848,68.9695,0.0846683
Sensor2,bom,69885,69.9694,0.084392
Sensor2,bom,70.8848,70.9694,0.0845122
Sensor2,bom,71.8848,71.9696,0.0848026
Sensor2,bom,72.8848,72.9694,0.0845602
Sensor2,bom,73.8849,73.9694,0.0845433
Sensor2,bom,74.8849,74.9694,0.0844457
Sensor2,bom,75.8849,75.9696,0.0846749
Sensor2,bom,76.8848,76.9696,0.0847425
Sensor2,bom,77.8848,77.9695,0.0847362
Sensor2,bom,78.8847,78.9694,0.084705
Sensor2,bom,79885,79.9696,0.0846778
Sensor2,bom,80.8847,80.9695,0.0848052
Sensor2,bom,81.8848,81.9695,0.0847644
Sensor2,bom,82.8848,82.9696,0.0847577
Sensor2,bom,83.8848,83.9695,0.0847088
Sensor2,bom,84.8848,84.9696,0.084782
Sensor2,bom,85.8849,85.9696,0.0846649
Sensor2,bom,86.8848,86.9695,0.0847299
Sensor2,bom,87.8848,87.9694,0.084654
Sensor2,bom,88.8849,88.9696,0.0847046
Sensor2,bom,89.8849,89.9696,0.084681
Sensor2,bom,90.8848,90.9695,0.0847337
Sensor2,bom,91.8847,91.9695,0.0847651
Sensor2,bom,92.8847,92.9695,0.0847919
Sensor2,bom,93.8848,93.9696,0.0847356
Sensor2,bom,94.8848,94.9695,0.084704
Sensor2,bom,95.8847,95.9694,0.084659
Sensor2,bom,96.8848,96.9694,0.0846648
Sensor2,bom,97.8848,97.9694,0.0846275
Sensor2,bom,98.8847,98.9694,0.0847299
Sensor2,bom,99.8847,99.9694,0.0847053
Sensor2,bom,100885,100969,0.0847539
Sensor2,bom,101885,101.97,0.0848001
Sensor2,bom,102885,102969,0.0846958
Sensor2,bom,103885,103969,0.0845172
Sensor2,bom,104885,104.97,0.0849251
Sensor2,bom,105885,105969,0.0846827
Sensor2,bom,106885,106.97,0.0847577
Sensor2,bom,107885,107969,0.0845767
Sensor2,bom,108885,108.97,0.0847578
Sensor2,bom,109885,109969,0.084513
Sensor2,bom,110885,110969,0.0845333
Sensor2,bom,111885,111969,0.0845996
Sensor2,bom,112885,112.97,0.0848327
Sensor2,bom,113885,113.97,0.0846085
Sensor2,bom,114885,114.97,0.0848101
Sensor2,bom,115885,115969,0.0847226
Sensor2,bom,116885,116969,0.0846405
Sensor2,bom,117885,117.97,0.0846334
Sensor2,bom,118885,118969,0.0844984
Sensor2,bom,119885,119969,0.0846657
Sensor2,bom,120885,120969,0.0845909
Sensor2,bom,121885,121969,0.0844313
Sensor2,bom,122885,122.97,0.0846278
Sensor2,bom,123885,123969,0.0846035
Sensor2,bom,124885,124969,0.0846233
Sensor2,bom,125885,125969,0.0845399
Sensor2,bom,126885,126969,0.0847405
Sensor2,bom,127885,127969,0.0847461
Sensor2,bom,128885,128969,0.084704
Sensor2,bom,129885,129969,0.0844879
Sensor2,bom,130885,130.97,0.0847361
Sensor2,bom,131885,131969,0.084441
Sensor2,bom,132885,132969,0.0845668
Sensor2,bom,133885,133.97,0.0845141
Sensor2,bom,134885,134969,0.0844341
Sensor2,bom,135885,135969,0.0845413
Sensor2,bom,136885,136969,0.08469
Sensor2,bom,137885,137969,0.0843647
Sensor2,bom,138885,138969,0.084553
Sensor2,bom,139885,139969,0.0845897
Sensor2,bom,140885,140969,0.0844601
Sensor2,bom,141885,141969,0.0845807
Sensor2,bom,142885,142969,0.0847045
Sensor2,bom,143885,143969,0.0846589
Sensor2,bom,144885,144969,0.0846245
Sensor2,bom,145885,145969,0.0847458
Sensor2,bom,146885,146.97,0.0847662
Sensor2,bom,147885,147.97,0.084904
Sensor2,bom,148885,148969,0.0845928
Sensor2,bom,149885,149.97,0.0845899
Sensor2,bom,150885,150969,0.0845821
Sensor2,bom,151885,151969,0.0846634
Sensor2,bom,152885,152.97,0.0846791
Sensor2,bom,153885,153969,0.0846869
Sensor2,bom,154885,154969,0.08455
Sensor2,bom,155885,155.97,0.0846578
Sensor2,bom,156885,156.97,0.0846516
Sensor2,bom,157885,157.97,0.0846047
Sensor2,bom,158885,158969,0.084485
Sensor2,bom,159885,159969,0.0846485
Sensor2,bom,160885,160.97,0.0846745
Sensor2,bom,161885,161.97,0.0846758
Sensor2,bom,162885,162969,0.08465
Sensor2,bom,163885,163969,0.0847127
Sensor2,bom,164885,164.97,0.08474
Sensor2,bom,165885,165969,0.0845989
Sensor2,bom,166885,166969,0.0846765
Sensor2,bom,167885,167969,0.0845302
Sensor2,bom,168885,168969,0.0848851
Sensor2,bom,169885,169969,0.0846219
Sensor2,bom,170885,170969,0.0846048
Sensor2,bom,171885,171969,0.0846345
Sensor2,bom,172885,172969,0.0847127
Sensor2,bom,173885,173969,0.0844983
Sensor2,bom,174885,174969,0.0846243
Sensor2,bom,175885,175969,0.084693
Sensor2,bom,176885,176969,0.0846877
Sensor2,bom,177885,177969,0.0846918
Sensor2,bom,178885,178969,0.0847642
Sensor2,bom,179885,179969,0.0846925
Sensor2,bom,180885,180969,0.0848114
Sensor2,bom,181885,181969,0.0847584
Sensor2,bom,182885,182969,0.0848079
Sensor2,bom,183885,183969,0.0847607
Sensor2,bom,184885,184969,0.0846206
Sensor2,bom,185885,185969,0.0846
Sensor2,bom,186885,186.97,0.0847244
Sensor2,bom,187885,187969,0.0845162
Sensor2,bom,188885,188.97,0.0847098
Sensor2,bom,189885,189.97,0.0845431
Sensor2,bom,190885,190969,0.0845676
Sensor2,bom,191885,191969,0.084665
Sensor2,bom,192885,192.97,0.0848135
Sensor2,bom,193885,193.97,0.0848374
Sensor2,bom,194885,194969,0.0846193
Sensor2,bom,195885,195969,0.0847038
Sensor2,bom,196885,196969,0.084727
Sensor2,bom,197885,197969,0.0847122
Sensor2,bom,198885,198969,0.0847082
Sensor2,bom,199885,199969,0.084737
Sensor2,bom,200885,200969,0.0848626
Sensor2,bom,201885,201969,0.0847175
Sensor2,bom,202885,202969,0.0847063
Sensor2,bom,203885,203.97,0.0847774
Sensor2,bom,204885,204.97,0.0847459
Sensor2,bom,205885,205969,0.0846034
Sensor2,bom,206885,206969,0.0846465
Sensor2,bom,207885,207969,0.0846791
Sensor2,bom,208885,208.97,0.0847297
Sensor2,bom,209885,209.97,0.0847369
Sensor2,bom,210885,210.97,0.0846292
Sensor2,bom,211885,211.97,0.0847753
Sensor2,bom,212885,212969,0.0846607
Sensor2,bom,213885,213.97,0.0847492
Sensor2,bom,214885,214969,0.0847134
Sensor2,bom,215885,215969,0.0847792
Sensor2,bom,216885,216969,0.0848369
Sensor2,bom,217885,217969,0.0848491
Sensor2,bom,218885,218969,0.0846696
Sensor2,bom,219885,219969,0.0847427
Sensor2,bom,220885,220969,0.0846986
Sensor2,bom,221885,221969,0.0846118
Sensor2,bom,222885,222969,0.0847258
Sensor2,bom,223885,223969,0.0846553
Sensor2,bom,224885,224969,0.0847042
Sensor2,bom,225885,225.97,0.0846442
Sensor2,bom,226885,226969,0.0845846
Sensor2,bom,227885,227969,0.0844943
Sensor2,bom,228885,228969,0.0845623
Sensor2,bom,229885,229969,0.0846523
Sensor2,bom,230885,230969,0.0846357
Sensor2,bom,231885,231969,0.0844735
Sensor2,bom,232885,232969,0.0846536
Sensor2,bom,233885,233969,0.0847217
Sensor2,bom,234885,234969,0.0847455
Sensor2,bom,235885,235.97,0.0846671
Sensor2,bom,236885,236.97,0.0846809
Sensor2,bom,237885,237.97,0.0846748
Sensor2,bom,238885,238969,0.0846299
Sensor2,bom,239885,239969,0.0847283
Sensor2,bom,240885,240.97,0.0849088
Sensor2,bom,241885,241.97,0.0847423
Sensor2,bom,242885,242.97,0.0847311
Sensor2,bom,243885,243969,0.0846391
Sensor2,bom,244885,244.97,0.0847514
Sensor2,bom,245885,245.97,0.0848312
Sensor2,bom,246885,246969,0.0846249
Sensor2,bom,247885,247.97,0.0848297
Sensor2,bom,248885,248969,0.0845345
Sensor2,bom,249885,249969,0.0847385
Sensor2,bom,250885,250.97,0.0845532
Sensor2,bom,251885,251.97,0.084655
Sensor2,bom,252885,252.97,0.0847185
Sensor2,bom,253885,253969,0.0845557
Sensor2,bom,254885,254969,0.0846114
Sensor2,bom,255885,255969,0.0845636
Sensor2,bom,256885,256969,0.0846601
Sensor2,bom,257885,257.97,0.0847971
Sensor2,bom,258885,258.97,0.0848249
Sensor2,bom,259885,259.97,0.0847947
Sensor2,bom,260885,260969,0.0846678
Sensor2,bom,261885,261.97,0.0848442
Sensor2,bom,262885,262.97,0.0847838
Sensor2,bom,263885,263969,0.0847232
Sensor2,bom,264885,264969,0.0848222
Sensor2,bom,265885,265.97,0.0850157
Sensor2,bom,266885,266969,0.0847837
Sensor2,bom,267885,267969,0.0848264
Sensor2,bom,268885,268.97,0.0848354
Sensor2,bom,269885,269969,0.0848214
Sensor2,bom,270885,270969,0.084671
Sensor2,bom,271885,271.97,0.0847972
Sensor2,bom,272885,272969,0.0847242
Sensor2,bom,273885,273.97,0.0848099
Sensor2,bom,274885,274969,0.0846455
Sensor2,bom,275885,275969,0.0845994
Sensor2,bom,276885,276969,0.0845813
Sensor2,bom,277885,277969,0.0846115
Sensor2,bom,278885,278969,0.084705
Sensor2,bom,279885,279969,0.0847095
Sensor2,bom,280885,280.97,0.0848776
Sensor2,bom,281885,281969,0.0847453
Sensor2,bom,282885,282969,0.0847187
Sensor2,bom,283885,283969,0.084571
Sensor2,bom,284885,284.97,0.0846987
Sensor2,bom,285885,285.97,0.0846888
Sensor2,bom,286885,286969,0.0846645
Sensor2,bom,287885,287969,0.0845714
Sensor2,bom,288885,288.97,0.0847985
Sensor2,bom,289885,289.97,0.0847363
Sensor2,bom,290885,290969,0.0846646
Sensor2,bom,291885,291969,0.0846524
Sensor2,bom,292885,292969,0.0845706
Sensor2,bom,293885,293969,0.0843831
Sensor2,bom,294885,294969,0.0847231
Sensor2,bom,295885,295969,0.0847543
Sensor2,bom,296885,296969,0.0846584
Sensor2,bom,297885,297969,0.0846184
Sensor2,bom,298885,298.97,0.0846742
Sensor2,bom,299885,299969,0.0846994
Sensor2,bom,300885,300969,0.0844799
Sensor3,bom,5.89066,5.96971,0.079047
Sensor3,bom,6.89066,6.96951,0.078844
Sensor3,bom,7.89078,7.96955,0.0787656
Sensor3,bom,8.89072,8.96959,0.0788712
Sensor3,bom,9.89079,9.96966,0.0788652
Sensor3,bom,10.8908,10.9696,0.078775
Sensor3,bom,11.8909,11.9695,0.0786598
Sensor3,bom,12891,12.9696,0.0786043
Sensor3,bom,13.8907,13.9697,0.0789383
Sensor3,bom,14.8907,14.9701,0.0794368
Sensor3,bom,15.8908,15.9695,0.0787681
Sensor3,bom,16.8908,16.9696,0.0787756
Sensor3,bom,17.8907,17.9695,0.0788415
Sensor3,bom,18891,18.9696,0.0786016
Sensor3,bom,19.8909,19.9696,0.0786294
Sensor3,bom,20.8907,20.9697,0.0789692
Sensor3,bom,21.8907,21.9695,0.0787553
Sensor3,bom,22.8906,22.9694,0.0788276
Sensor3,bom,23.8907,23.9696,0.0788808
Sensor3,bom,24.8907,24.9695,0.0788832
Sensor3,bom,25.8905,25.9696,0.0790264
Sensor3,bom,26.8907,26.9695,0.0787983
Sensor3,bom,27.8907,27.9696,0.0789217
Sensor3,bom,28.8909,28.9696,0.0787297
Sensor3,bom,29.8907,29.9695,0.0787389
Sensor3,bom,30.8907,30.9694,0.0787905
Sensor3,bom,31.8907,31.9696,0.0788422
Sensor3,bom,32.8908,32.9696,0.0787906
Sensor3,bom,33.8907,33.9695,0.0788885
Sensor3,bom,34.8909,34.9696,0.0787103
Sensor3,bom,35.8909,35.9697,0.0788215
Sensor3,bom,36.8908,36.9696,0.0788339
Sensor3,bom,37.8908,37.9696,0.0788338
Sensor3,bom,38.8906,38.9695,0.0789755
Sensor3,bom,39.8907,39.9697,0.0790415
Sensor3,bom,40.8906,40.9696,0.079014
Sensor3,bom,41.8907,41.9695,0.078759
Sensor3,bom,42.8907,42.9695,0.078841
Sensor3,bom,43.8908,43.9696,0.0787698
Sensor3,bom,44.8907,44.9695,0.0788187
Sensor3,bom,45.8907,45.9695,0.0788461
Sensor3,bom,46.8906,46.9695,0.0788307
Sensor3,bom,47.8907,47.9695,0.0788712
Sensor3,bom,48.8906,48.9695,0.0789244
Sensor3,bom,49.8906,49.9696,0.0790362
Sensor3,bom,50.8905,50.9695,0.0789559
Sensor3,bom,51.8908,51.9697,0.0788727
Sensor3,bom,52891,52.9695,0.0785069
Sensor3,bom,53891,53.9696,0.0785912
Sensor3,bom,54.8908,54.9696,0.0787279
Sensor3,bom,55.8909,55.9697,0.0787788
Sensor3,bom,56.8907,56.9697,0.0789931
Sensor3,bom,57.8909,57.9697,0.078801
Sensor3,bom,58.8908,58.9697,0.0788646
Sensor3,bom,59.8908,59.9697,0.0788814
Sensor3,bom,60.8908,60.9697,0.0789211
Sensor3,bom,61.8908,61.9694,0.0786059
Sensor3,bom,62.8906,62.9696,0.0790046
Sensor3,bom,63.8906,63.9695,0.0789635
Sensor3,bom,64.8908,64.9696,0.0787442
Sensor3,bom,65.8907,65.9695,0.0788258
Sensor3,bom,66.8909,66.9695,0.0785534
Sensor3,bom,67.8908,67.9695,0.0787122
Sensor3,bom,68.8908,68.9696,0.0787352
Sensor3,bom,69891,69.9695,0.078484
Sensor3,bom,70.8908,70.9694,0.0786849
Sensor3,bom,71.8908,71.9697,0.0789001
Sensor3,bom,72.8908,72.9695,0.0787191
Sensor3,bom,73.8909,73.9695,0.0786397
Sensor3,bom,74.8908,74.9695,0.0786624
Sensor3,bom,75.8909,75.9697,0.0787942
Sensor3,bom,76.8908,76.9697,0.0788732
Sensor3,bom,77.8907,77.9696,0.0788986
Sensor3,bom,78.8907,78.9695,0.0788657
Sensor3,bom,79891,79.9697,0.0787732
Sensor3,bom,80.8908,80.9696,0.0788561
Sensor3,bom,81.8907,81.9696,0.078962
Sensor3,bom,82.8907,82.9697,0.0790205
Sensor3,bom,83.8909,83.9696,0.0787247
Sensor3,bom,84.8908,84.9697,0.0788741
Sensor3,bom,85891,85.9697,0.0787381
Sensor3,bom,86.8908,86.9696,0.0788464
Sensor3,bom,87.8907,87.9695,0.0787988
Sensor3,bom,88.8908,88.9697,0.0788564
Sensor3,bom,89.8909,89.9697,0.0787575
Sensor3,bom,90.8907,90.9697,0.078946
Sensor3,bom,91.8908,91.9696,0.0788157
Sensor3,bom,92.8907,92.9696,0.0788861
Sensor3,bom,93.8909,93.9697,0.0788278
Sensor3,bom,94.8907,94.9696,0.078843
Sensor3,bom,95.8907,95.9695,0.0788233
Sensor3,bom,96.8907,96.9695,0.0787882
Sensor3,bom,97.8907,97.9695,0.0787602
Sensor3,bom,98.8906,98.9695,0.078945
Sensor3,bom,99.8907,99.9695,0.0787964
Sensor3,bom,100891,100.97,0.0788796
Sensor3,bom,101891,101.97,0.0788806
Sensor3,bom,102891,102969,0.078811
Sensor3,bom,103891,103969,0.07869
Sensor3,bom,104891,104.97,0.0791201
Sensor3,bom,105891,105.97,0.0788718
Sensor3,bom,106891,106.97,0.0790535
Sensor3,bom,107891,107.97,0.0787175
Sensor3,bom,108891,108.97,0.0789638
Sensor3,bom,109891,109.97,0.0787412
Sensor3,bom,110891,110.97,0.0787351
Sensor3,bom,111891,111969,0.0788377
Sensor3,bom,112891,112.97,0.0790159
Sensor3,bom,113891,113.97,0.0787557
Sensor3,bom,114891,114.97,0.079062
Sensor3,bom,115891,115.97,0.0788252
Sensor3,bom,116891,116.97,0.0787011
Sensor3,bom,117891,117.97,0.0787164
Sensor3,bom,118891,118969,0.078575
Sensor3,bom,119891,119969,0.0787872
Sensor3,bom,120891,120.97,0.0786967
Sensor3,bom,121891,121.97,0.0786065
Sensor3,bom,122891,122.97,0.0789025
Sensor3,bom,123891,123.97,0.0787706
Sensor3,bom,124891,124.97,0.078765
Sensor3,bom,125891,125.97,0.0787451
Sensor3,bom,126891,126.97,0.078959
Sensor3,bom,127891,127.97,0.078962
Sensor3,bom,128891,128.97,0.0789432
Sensor3,bom,129891,129969,0.0786676
Sensor3,bom,130891,130.97,0.0789902
Sensor3,bom,131891,131.97,0.0786301
Sensor3,bom,132891,132.97,0.0786812
Sensor3,bom,133891,133.97,0.0786462
Sensor3,bom,134891,134.97,0.078538
Sensor3,bom,135891,135969,0.078677
Sensor3,bom,136891,136.97,0.0788484
Sensor3,bom,137891,137.97,0.0785498
Sensor3,bom,138891,138.97,0.0786856
Sensor3,bom,139891,139.97,0.0787363
Sensor3,bom,140891,140969,0.078645
Sensor3,bom,141891,141.97,0.0787382
Sensor3,bom,142891,142.97,0.0788393
Sensor3,bom,143891,143969,0.0788073
Sensor3,bom,144891,144969,0.0787749
Sensor3,bom,145891,145.97,0.0788848
Sensor3,bom,146891,146.97,0.079016
Sensor3,bom,147891,147.97,0.0790497
Sensor3,bom,148891,148.97,0.0787491
Sensor3,bom,149891,149.97,0.0787442
Sensor3,bom,150891,150.97,0.0786801
Sensor3,bom,151891,151.97,0.0788216
Sensor3,bom,152891,152.97,0.0788508
Sensor3,bom,153891,153.97,0.0788559
Sensor3,bom,154891,154.97,0.0787286
Sensor3,bom,155891,155.97,0.0786938
Sensor3,bom,156891,156.97,0.0787056
Sensor3,bom,157891,157.97,0.0786643
Sensor3,bom,158891,158.97,0.0785408
Sensor3,bom,159891,159.97,0.0788659
Sensor3,bom,160891,160.97,0.0787725
Sensor3,bom,161891,161.97,0.0788019
Sensor3,bom,162891,162.97,0.0788592
Sensor3,bom,163891,163.97,0.0788625
Sensor3,bom,164891,164.97,0.0788587
Sensor3,bom,165891,165969,0.0787446
Sensor3,bom,166891,166.97,0.0787838
Sensor3,bom,167891,167969,0.0786582
Sensor3,bom,168891,168.97,0.0789815
Sensor3,bom,169891,169.97,0.0787942
Sensor3,bom,170891,170.97,0.0788157
Sensor3,bom,171891,171969,0.0788208
Sensor3,bom,172891,172.97,0.0788658
Sensor3,bom,173891,173969,0.0786248
Sensor3,bom,174891,174969,0.0787648
Sensor3,bom,175891,175.97,0.0788267
Sensor3,bom,176891,176.97,0.0788124
Sensor3,bom,177891,177.97,0.0789054
Sensor3,bom,178.89,178.97,0.0791068
Sensor3,bom,179891,179969,0.0788937
Sensor3,bom,180891,180.97,0.0790479
Sensor3,bom,181891,181.97,0.0788724
Sensor3,bom,182891,182.97,0.0789654
Sensor3,bom,183891,183.97,0.0789128
Sensor3,bom,184891,184.97,0.0787145
Sensor3,bom,185891,185.97,0.078763
Sensor3,bom,186891,186.97,0.0788602
Sensor3,bom,187891,187.97,0.0786543
Sensor3,bom,188891,188.97,0.0788655
Sensor3,bom,189891,189.97,0.0785995
Sensor3,bom,190891,190969,0.0786925
Sensor3,bom,191891,191969,0.0787882
Sensor3,bom,192891,192.97,0.0788902
Sensor3,bom,193891,193.97,0.0789636
Sensor3,bom,194891,194969,0.0787951
Sensor3,bom,195.89,195969,0.0789885
Sensor3,bom,196891,196.97,0.0789077
Sensor3,bom,197891,197.97,0.0788775
Sensor3,bom,198891,198969,0.0788749
Sensor3,bom,199891,199.97,0.0788697
Sensor3,bom,200.89,200.97,0.0790948
Sensor3,bom,201891,201.97,0.0789534
Sensor3,bom,202891,202.97,0.0788905
Sensor3,bom,203891,203.97,0.079042
Sensor3,bom,204891,204.97,0.0789015
Sensor3,bom,205891,205.97,0.0787251
Sensor3,bom,206891,206.97,0.0788333
Sensor3,bom,207891,207969,0.0788624
Sensor3,bom,208891,208.97,0.0788722
Sensor3,bom,209891,209.97,0.0789235
Sensor3,bom,210891,210.97,0.0787549
Sensor3,bom,211891,211.97,0.0790548
Sensor3,bom,212891,212.97,0.0788467
Sensor3,bom,213891,213.97,0.078837
Sensor3,bom,214891,214.97,0.0788075
Sensor3,bom,215891,215.97,0.0789128
Sensor3,bom,216891,216.97,0.0790057
Sensor3,bom,217891,217.97,0.0790062
Sensor3,bom,218891,218.97,0.0787738
Sensor3,bom,219891,219.97,0.0789658
Sensor3,bom,220891,220.97,0.0788533
Sensor3,bom,221891,221.97,0.0787197
Sensor3,bom,222891,222.97,0.0788352
Sensor3,bom,223891,223969,0.0788236
Sensor3,bom,224891,224.97,0.0789012
Sensor3,bom,225891,225.97,0.0788601
Sensor3,bom,226891,226.97,0.0788034
Sensor3,bom,227891,227.97,0.078725
Sensor3,bom,228891,228.97,0.0787361
Sensor3,bom,229891,229.97,0.078855
Sensor3,bom,230891,230.97,0.0787926
Sensor3,bom,231891,231.97,0.0786848
Sensor3,bom,232891,232.97,0.0788678
Sensor3,bom,233891,233.97,0.0788773
Sensor3,bom,234891,234.97,0.078953
Sensor3,bom,235891,235.97,0.0789221
Sensor3,bom,236891,236.97,0.0788146
Sensor3,bom,237891,237.97,0.0788342
Sensor3,bom,238891,238.97,0.0788199
Sensor3,bom,239891,239.97,0.0787748
Sensor3,bom,240891,240.97,0.0790482
Sensor3,bom,241891,241.97,0.0788605
Sensor3,bom,242891,242.97,0.0788501
Sensor3,bom,243891,243.97,0.078824
Sensor3,bom,244891,244.97,0.0788038
Sensor3,bom,245891,245.97,0.0790232
Sensor3,bom,246891,246.97,0.0788074
Sensor3,bom,247891,247.97,0.07903
Sensor3,bom,248891,248969,0.0787409
Sensor3,bom,249891,249.97,0.0789
Sensor3,bom,250891,250.97,0.078708
Sensor3,bom,251891,251.97,0.0789317
Sensor3,bom,252891,252.97,0.078936
Sensor3,bom,253891,253.97,0.0787588
Sensor3,bom,254891,254.97,0.0787691
Sensor3,bom,255891,255.97,0.0786901
Sensor3,bom,256891,256969,0.0787999
Sensor3,bom,257891,257.97,0.0788839
Sensor3,bom,258891,258.97,0.078985
Sensor3,bom,259891,259.97,0.079018
Sensor3,bom,260891,260.97,0.0788696
Sensor3,bom,261891,261.97,0.0790058
Sensor3,bom,262891,262.97,0.078984
Sensor3,bom,263891,263.97,0.0789766
Sensor3,bom,264891,264.97,0.0789704
Sensor3,bom,265891,265.97,0.0791264
Sensor3,bom,266891,266.97,0.0788927
Sensor3,bom,267891,267.97,0.0790862
Sensor3,bom,268891,268.97,0.0789259
Sensor3,bom,269891,269.97,0.0789576
Sensor3,bom,270891,270969,0.0787878
Sensor3,bom,271891,271.97,0.0789511
Sensor3,bom,272891,272.97,0.0788089
Sensor3,bom,273891,273.97,0.0789962
Sensor3,bom,274891,274.97,0.0788682
Sensor3,bom,275891,275.97,0.078861
Sensor3,bom,276891,276.97,0.0787752
Sensor3,bom,277891,277.97,0.0787783
Sensor3,bom,278891,278.97,0.0788862
Sensor3,bom,279891,279.97,0.0789269
Sensor3,bom,280891,280.97,0.0790082
Sensor3,bom,281891,281.97,0.0788614
Sensor3,bom,282891,282.97,0.0789283
Sensor3,bom,283891,283.97,0.078747
Sensor3,bom,284891,284.97,0.0788789
Sensor3,bom,285891,285.97,0.078848
Sensor3,bom,286891,286.97,0.0787705
Sensor3,bom,287891,287969,0.0786298
Sensor3,bom,288891,288.97,0.0789426
Sensor3,bom,289891,289.97,0.0788168
Sensor3,bom,290891,290.97,0.0787963
Sensor3,bom,291891,291.97,0.0788927
Sensor3,bom,292891,292.97,0.0786828
Sensor3,bom,293891,293.97,0.0785397
Sensor3,bom,294891,294969,0.0787985
Sensor3,bom,295891,295969,0.0788538
Sensor3,bom,296891,296.97,0.0787446
Sensor3,bom,297891,297.97,0.0787981
Sensor3,bom,298891,298.97,0.0788742
Sensor3,bom,299891,299.97,0.0789589
Sensor3,bom,300891,300.97,0.0785813
Sensor4,bom,6.89674,6.9696,0.0728658
Sensor4,bom,7.8972,7.96964,0.0724444
Sensor4,bom,8.89681,8.96968,0.0728689
Sensor4,bom,9.89684,9.96975,0.0729167
Sensor4,bom,10.8968,10.9697,0.0728775
Sensor4,bom,11.8969,11.9696,0.072697
Sensor4,bom,12897,12.9697,0.0726773
Sensor4,bom,13.8968,13.9697,0.0729041
Sensor4,bom,14.8968,14.9702,0.0734833
Sensor4,bom,15.8969,15.9696,0.0726904
Sensor4,bom,16.8969,16.9696,0.0727468
Sensor4,bom,17.8968,17.9696,0.0727714
Sensor4,bom,18.8971,18.9697,0.0725884
Sensor4,bom,19.8971,19.9696,0.072534
Sensor4,bom,20.8969,20.9697,0.0727961
Sensor4,bom,21.8968,21.9695,0.0727256
Sensor4,bom,22.8968,22.9695,0.0727355
Sensor4,bom,23.8969,23.9697,0.0727627
Sensor4,bom,24.8968,24.9696,0.0728435
Sensor4,bom,25.8967,25.9697,0.072936
Sensor4,bom,26897,26.9696,0.072661
Sensor4,bom,27.8968,27.9697,0.0728355
Sensor4,bom,28897,28.9697,0.0727077
Sensor4,bom,29.8968,29.9696,0.0728213
Sensor4,bom,30.8967,30.9695,0.0728826
Sensor4,bom,31.8969,31.9697,0.0727393
Sensor4,bom,32.8968,32.9696,0.0728138
Sensor4,bom,33.8967,33.9696,0.0729195
Sensor4,bom,34.8969,34.9697,0.0728211
Sensor4,bom,35.8968,35.9698,0.0729431
Sensor4,bom,36.8968,36.9697,0.0729798
Sensor4,bom,37.8967,37.9697,0.0729269
Sensor4,bom,38.8966,38.9696,0.0730775
Sensor4,bom,39.8967,39.9698,0.0731123
Sensor4,bom,40.8966,40.9697,0.0731249
Sensor4,bom,41.8968,41.9696,0.0727392
Sensor4,bom,42.8966,42.9696,0.07304
Sensor4,bom,43.8969,43.9697,0.0728231
Sensor4,bom,44.8968,44.9696,0.0728477
Sensor4,bom,45.8966,45.9696,0.0729818
Sensor4,bom,46.8967,46.9696,0.0728781
Sensor4,bom,47.8967,47.9696,0.0729255
Sensor4,bom,48.8966,48.9696,0.0730155
Sensor4,bom,49.8966,49.9697,0.0730911
Sensor4,bom,50.8966,50.9696,0.0730324
Sensor4,bom,51.8969,51.9698,0.0729013
Sensor4,bom,52.8971,52.9696,0.0724931
Sensor4,bom,53.8971,53.9697,0.0725736
Sensor4,bom,54897,54.9696,0.0726121
Sensor4,bom,55897,55.9698,0.0727383
Sensor4,bom,56.8968,56.9698,0.0729926
Sensor4,bom,57897,57.9698,0.0727354
Sensor4,bom,58.8967,58.9697,0.0729992
Sensor4,bom,59.8968,59.9698,0.0729866
Sensor4,bom,60897,60.9698,0.0728156
Sensor4,bom,61.8967,61.9695,0.0727872
Sensor4,bom,62.8965,62.9697,0.0731523
Sensor4,bom,63.8966,63.9696,0.0730256
Sensor4,bom,64.8968,64.9697,0.0728755
Sensor4,bom,65.8968,65.9696,0.0728726
Sensor4,bom,66.8969,66.9696,0.0726135
Sensor4,bom,67.8969,67.9696,0.0727464
Sensor4,bom,68.8971,68.9697,0.072591
Sensor4,bom,69897,69.9696,0.0725389
Sensor4,bom,70.8969,70.9695,0.0726014
Sensor4,bom,71.8969,71.9698,0.0729352
Sensor4,bom,72897,72.9696,0.0725898
Sensor4,bom,73.8971,73.9696,0.072507
Sensor4,bom,74897,74.9696,0.0726253
Sensor4,bom,75.8971,75.9697,0.0726627
Sensor4,bom,76897,76.9698,0.0727184
Sensor4,bom,77.8968,77.9697,0.0729255
Sensor4,bom,78.8968,78.9696,0.0728154
Sensor4,bom,79897,79.9698,0.072838
Sensor4,bom,80897,80.9697,0.0727036
Sensor4,bom,81.8967,81.9697,0.0730316
Sensor4,bom,82.8967,82.9697,0.0730697
Sensor4,bom,83.8968,83.9697,0.0728603
Sensor4,bom,84897,84.9698,0.072809
Sensor4,bom,85.8969,85.9698,0.0729183
Sensor4,bom,86.8968,86.9697,0.0728843
Sensor4,bom,87.8967,87.9696,0.0729435
Sensor4,bom,88.8968,88.9698,0.072983
Sensor4,bom,89.8967,89.9698,0.07302
Sensor4,bom,90.8967,90.9698,0.0730868
Sensor4,bom,91.8967,91.9697,0.0729824
Sensor4,bom,92.8968,92.9697,0.0729449
Sensor4,bom,93.8969,93.9698,0.0728913
Sensor4,bom,94.8968,94.9697,0.0728826
Sensor4,bom,95.8966,95.9696,0.0729867
Sensor4,bom,96.8968,96.9696,0.0727651
Sensor4,bom,97.8968,97.9696,0.0728009
Sensor4,bom,98.8966,98.9696,0.0730247
Sensor4,bom,99.8967,99.9696,0.0729028
Sensor4,bom,100897,100.97,0.0728166
Sensor4,bom,101897,101.97,0.0729074
Sensor4,bom,102897,102.97,0.0727558
Sensor4,bom,103897,103.97,0.0727013
Sensor4,bom,104897,104.97,0.0731088
Sensor4,bom,105897,105.97,0.0728786
Sensor4,bom,106897,106.97,0.0731128
Sensor4,bom,107897,107.97,0.07278
Sensor4,bom,108897,108.97,0.0730177
Sensor4,bom,109897,109.97,0.0727882
Sensor4,bom,110897,110.97,0.0727227
Sensor4,bom,111897,111.97,0.0728181
Sensor4,bom,112897,112.97,0.0731565
Sensor4,bom,113897,113.97,0.0728721
Sensor4,bom,114897,114.97,0.0731624
Sensor4,bom,115897,115.97,0.0728757
Sensor4,bom,116897,116.97,0.0727612
Sensor4,bom,117897,117.97,0.0726566
Sensor4,bom,118897,118.97,0.072534
Sensor4,bom,119897,119.97,0.0728228
Sensor4,bom,120897,120.97,0.0727802
Sensor4,bom,121897,121.97,0.0725176
Sensor4,bom,122897,122.97,0.0727473
Sensor4,bom,123897,123.97,0.0727006
Sensor4,bom,124897,124.97,0.0725501
Sensor4,bom,125897,125.97,0.0726921
Sensor4,bom,126897,126.97,0.0729581
Sensor4,bom,127897,127.97,0.0729981
Sensor4,bom,128897,128.97,0.0729179
Sensor4,bom,129897,129.97,0.0727419
Sensor4,bom,130897,130.97,0.0730753
Sensor4,bom,131897,131.97,0.0727
Sensor4,bom,132897,132.97,0.0726353
Sensor4,bom,133897,133.97,0.072664
Sensor4,bom,134897,134.97,0.0726158
Sensor4,bom,135897,135.97,0.072799
Sensor4,bom,136897,136.97,0.0729842
Sensor4,bom,137897,137.97,0.0725808
Sensor4,bom,138897,138.97,0.0728273
Sensor4,bom,139897,139.97,0.0728364
Sensor4,bom,140897,140.97,0.0727205
Sensor4,bom,141897,141.97,0.0727941
Sensor4,bom,142897,142.97,0.0728812
Sensor4,bom,143897,143969,0.0728777
Sensor4,bom,144897,144.97,0.0728397
Sensor4,bom,145897,145.97,0.0728883
Sensor4,bom,146897,146.97,0.0730094
Sensor4,bom,147897,147.97,0.0730895
Sensor4,bom,148897,148.97,0.0727137
Sensor4,bom,149897,149.97,0.0726433
Sensor4,bom,150897,150.97,0.0726562
Sensor4,bom,151897,151.97,0.0727567
Sensor4,bom,152897,152.97,0.0727963
Sensor4,bom,153897,153.97,0.07283
Sensor4,bom,154897,154.97,0.0726753
Sensor4,bom,155897,155.97,0.0727215
Sensor4,bom,156897,156.97,0.0726179
Sensor4,bom,157897,157.97,0.0726303
Sensor4,bom,158897,158.97,0.0725341
Sensor4,bom,159897,159.97,0.0729524
Sensor4,bom,160897,160.97,0.0727607
Sensor4,bom,161897,161.97,0.0729661
Sensor4,bom,162897,162.97,0.0729603
Sensor4,bom,163897,163.97,0.0727658
Sensor4,bom,164897,164.97,0.0730204
Sensor4,bom,165897,165.97,0.0728529
Sensor4,bom,166897,166.97,0.0728546
Sensor4,bom,167897,167969,0.0726238
Sensor4,bom,168897,168.97,0.07291
Sensor4,bom,169897,169.97,0.0726383
Sensor4,bom,170897,170.97,0.0727929
Sensor4,bom,171897,171.97,0.0727775
Sensor4,bom,172897,172.97,0.0727631
Sensor4,bom,173897,173.97,0.0724627
Sensor4,bom,174897,174.97,0.0727083
Sensor4,bom,175897,175.97,0.0727315
Sensor4,bom,176897,176.97,0.0727745
Sensor4,bom,177897,177.97,0.0729066
Sensor4,bom,178896,178.97,0.0732098
Sensor4,bom,179897,179.97,0.072965
Sensor4,bom,180897,180.97,0.0731215
Sensor4,bom,181897,181.97,0.0728657
Sensor4,bom,182897,182.97,0.0729546
Sensor4,bom,183897,183.97,0.0730276
Sensor4,bom,184897,184.97,0.072704
Sensor4,bom,185897,185.97,0.0728349
Sensor4,bom,186897,186.97,0.0729391
Sensor4,bom,187897,187.97,0.0727067
Sensor4,bom,188897,188.97,0.0728033
Sensor4,bom,189897,189.97,0.0726715
Sensor4,bom,190897,190.97,0.0727971
Sensor4,bom,191897,191.97,0.0729119
Sensor4,bom,192897,192.97,0.072886
Sensor4,bom,193897,193.97,0.0731067
Sensor4,bom,194897,194.97,0.0729361
Sensor4,bom,195896,195.97,0.0732628
Sensor4,bom,196897,196.97,0.0729366
Sensor4,bom,197897,197.97,0.0728941
Sensor4,bom,198897,198.97,0.0729556
Sensor4,bom,199897,199.97,0.0728946
Sensor4,bom,200897,200.97,0.0731377
Sensor4,bom,201897,201.97,0.0729376
Sensor4,bom,202897,202.97,0.0728714
Sensor4,bom,203897,203.97,0.0730202
Sensor4,bom,204897,204.97,0.0727671
Sensor4,bom,205897,205.97,0.0727533
Sensor4,bom,206897,206.97,0.0727211
Sensor4,bom,207897,207.97,0.0728806
Sensor4,bom,208897,208.97,0.0729004
Sensor4,bom,209897,209.97,0.073016
Sensor4,bom,210897,210.97,0.072802
Sensor4,bom,211897,211.97,0.0732043
Sensor4,bom,212897,212.97,0.0729694
Sensor4,bom,213897,213.97,0.0729248
Sensor4,bom,214897,214.97,0.0729004
Sensor4,bom,215897,215.97,0.072998
Sensor4,bom,216897,216.97,0.0730917
Sensor4,bom,217897,217.97,0.0730749
Sensor4,bom,218897,218.97,0.072625
Sensor4,bom,219897,219.97,0.0728182
Sensor4,bom,220897,220.97,0.0727651
Sensor4,bom,221897,221.97,0.0725864
Sensor4,bom,222897,222.97,0.0727954
Sensor4,bom,223897,223.97,0.0727447
Sensor4,bom,224897,224.97,0.0727531
Sensor4,bom,225897,225.97,0.0726916
Sensor4,bom,226897,226.97,0.072797
Sensor4,bom,227897,227.97,0.0727502
Sensor4,bom,228897,228.97,0.0726906
Sensor4,bom,229897,229.97,0.0727728
Sensor4,bom,230897,230.97,0.0727714
Sensor4,bom,231897,231.97,0.0727981
Sensor4,bom,232897,232.97,0.0728982
Sensor4,bom,233897,233.97,0.0729227
Sensor4,bom,234897,234.97,0.0730187
Sensor4,bom,235897,235.97,0.0730443
Sensor4,bom,236897,236.97,0.0729422
Sensor4,bom,237897,237.97,0.0729158
Sensor4,bom,238897,238.97,0.0729016
Sensor4,bom,239897,239.97,0.0727948
Sensor4,bom,240897,240.97,0.0731201
Sensor4,bom,241897,241.97,0.0729234
Sensor4,bom,242897,242.97,0.0729738
Sensor4,bom,243897,243.97,0.0729808
Sensor4,bom,244897,244.97,0.0729965
Sensor4,bom,245897,245.97,0.0730536
Sensor4,bom,246897,246.97,0.0728538
Sensor4,bom,247897,247.97,0.0730253
Sensor4,bom,248897,248.97,0.0727602
Sensor4,bom,249897,249.97,0.072867
Sensor4,bom,250897,250.97,0.0726932
Sensor4,bom,251897,251.97,0.072839
Sensor4,bom,252897,252.97,0.0729193
Sensor4,bom,253897,253.97,0.072644
Sensor4,bom,254897,254.97,0.0726603
Sensor4,bom,255897,255.97,0.0726329
Sensor4,bom,256897,256.97,0.072834
Sensor4,bom,257897,257.97,0.0728756
Sensor4,bom,258897,258.97,0.0731439
Sensor4,bom,259897,259.97,0.0731623
Sensor4,bom,260897,260.97,0.0729106
Sensor4,bom,261897,261.97,0.0730572
Sensor4,bom,262897,262.97,0.0730895
Sensor4,bom,263897,263.97,0.0731404
Sensor4,bom,264897,264.97,0.0730838
Sensor4,bom,265897,265.97,0.0731584
Sensor4,bom,266897,266.97,0.0730216
Sensor4,bom,267896,267.97,0.0731751
Sensor4,bom,268897,268.97,0.0728928
Sensor4,bom,269897,269.97,0.0728577
Sensor4,bom,270897,270.97,0.0727626
Sensor4,bom,271897,271.97,0.0729453
Sensor4,bom,272897,272.97,0.072637
Sensor4,bom,273897,273.97,0.0729174
Sensor4,bom,274897,274.97,0.0727632
Sensor4,bom,275897,275.97,0.0728344
Sensor4,bom,276897,276.97,0.0726688
Sensor4,bom,277897,277.97,0.0728396
Sensor4,bom,278897,278.97,0.0728612
Sensor4,bom,279897,279.97,0.0728158
Sensor4,bom,280897,280.97,0.0729988
Sensor4,bom,281897,281.97,0.0728729
Sensor4,bom,282897,282.97,0.0729601
Sensor4,bom,283897,283.97,0.0727287
Sensor4,bom,284897,284.97,0.0728538
Sensor4,bom,285897,285.97,0.0727656
Sensor4,bom,286897,286.97,0.0727842
Sensor4,bom,287897,287.97,0.0727111
Sensor4,bom,288897,288.97,0.0731614
Sensor4,bom,289897,289.97,0.0728627
Sensor4,bom,290897,290.97,0.0728515
Sensor4,bom,291897,291.97,0.0729443
Sensor4,bom,292897,292.97,0.0726824
Sensor4,bom,293897,293.97,0.0726814
Sensor4,bom,294897,294.97,0.0727973
Sensor4,bom,295897,295.97,0.0729349
Sensor4,bom,296897,296.97,0.0727821
Sensor4,bom,297897,297.97,0.0729161
Sensor4,bom,298897,298.97,0.0727692
Sensor4,bom,299897,299.97,0.0730765
Sensor4,bom,300897,300.97,0.0725611
