Tref:,1514238300,0.716111,=B1+C1

ID, Battery Level, Actual Sensor Risk Status, Collected Sensor Status, Data Sent?, T sensornode.collected (s), Tinst sensornode.collected (s)
8,99.97,low,low,false,1.03638,=H4+ I4,1514238301,0.752496
8,99.94,low,low,false,2.04258,=H5+ I5,1514238302,0.758694
8,99.91,low,low,false,3.07692,=H6+ I6,1514238303,0.793029
8,99.88,low,low,false,4.05372,=H7+ I7,1514238304,0.769827
8,99.85,low,low,false,5.06587,=H8+ I8,1514238305,0.781978
8,99.82,low,low,false,6.10528,=H9+ I9,1514238306,0.821395
8,99.79,low,low,false,7.12401,=H10+ I10,1514238307,0.840117
8,99.76,low,low,false,8.21947,=H11+ I11,1514238308,0.935584
8,99.73,low,low,false,9.36786,=H12+ I12,1514238310,0.0839695
8,99.7,low,low,false,10.5912,=H13+ I13,1514238311,0.307304
8,99.67,low,low,false,11.8218,=H14+ I14,1514238312,0.537864
8,99.64,low,low,false,13.0893,=H15+ I15,1514238313,0.805375
8,99.61,low,high,false,14.3399,=H16+ I16,1514238315,0.0559991
8,99.58,low,low,false,15.5809,=H17+ I17,1514238316,0.297056
8,99.55,low,high,false,16.8215,=H18+ I18,1514238317,0.5376
8,99.52,low,low,false,18.0686,=H19+ I19,1514238318,0.784689
8,99.49,low,low,false,19.3173,=H20+ I20,1514238320,0.0334534
8,99.46,low,low,false,20.5738,=H21+ I21,1514238321,0.28995
8,99.43,low,high,false,21.8188,=H22+ I22,1514238322,0.534907
8,99.4,low,moderate,false,23.0723,=H23+ I23,1514238323,0.788384
8,99.37,low,moderate,false,24.3447,=H24+ I24,1514238325,0.060839
8,99.33,moderate,moderate,true,25.5919,=H25+ I25,1514238326,0.307992
8,99.305,moderate,moderate,false,26.2183,=H26+ I26,1514238326,0.93442
8,99.28,moderate,moderate,false,26.8508,=H27+ I27,1514238327,0.566957
8,99.255,moderate,moderate,false,27.4693,=H28+ I28,1514238328,0.185413
8,99.23,moderate,moderate,false,28.1117,=H29+ I29,1514238328,0.82782
8,99.205,moderate,moderate,false,28.7347,=H30+ I30,1514238329,0.450798
8,99.18,moderate,moderate,false,29.3511,=H31+ I31,1514238330,0.0672232
8,99.155,moderate,moderate,false,29.9666,=H32+ I32,1514238330,0.682703
8,99.13,moderate,moderate,false,30.5923,=H33+ I33,1514238331,0.30839
8,99.105,moderate,moderate,false,31.2118,=H34+ I34,1514238331,0.927934
8,99.08,moderate,moderate,false,31.835,=H35+ I35,1514238332,0.551145
8,99.055,moderate,moderate,false,32.4517,=H36+ I36,1514238333,0.167809
8,99.03,moderate,moderate,false,33.07,=H37+ I37,1514238333,0.786154
8,99.005,moderate,moderate,false,33.6859,=H38+ I38,1514238334,0.40198
8,98.98,moderate,moderate,false,34.296,=H39+ I39,1514238335,0.0121586
8,98.955,moderate,moderate,false,34.9122,=H40+ I40,1514238335,0.628338
8,98.93,moderate,moderate,false,35.5325,=H41+ I41,1514238336,0.248634
8,98.905,moderate,moderate,false,36.1482,=H42+ I42,1514238336,0.864295
8,98.88,moderate,moderate,false,36.7622,=H43+ I43,1514238337,0.478266
8,98.855,moderate,high,false,37.375,=H44+ I44,1514238338,0.0911369
8,98.83,moderate,low,false,37.9902,=H45+ I45,1514238338,0.706322
8,98.805,moderate,low,false,38.6021,=H46+ I46,1514238339,0.31822
8,98.78,moderate,high,false,39.2147,=H47+ I47,1514238339,0.930803
8,98.745,low,low,true,39.8288,=H48+ I48,1514238340,0.544952
8,98.715,low,low,false,41.0547,=H49+ I49,1514238341,0.770829
8,98.685,low,low,false,42.2793,=H50+ I50,1514238342,0.995407
8,98.655,low,low,false,43.4962,=H51+ I51,1514238344,0.212289
8,98.625,low,low,false,44.7243,=H52+ I52,1514238345,0.440379
8,98.595,low,low,false,45.945,=H53+ I53,1514238346,0.661114
8,98.565,low,low,false,47.164,=H54+ I54,1514238347,0.880095
8,98.535,low,low,false,48.3853,=H55+ I55,1514238349,0.101459
8,98.505,low,low,false,49.6086,=H56+ I56,1514238350,0.32468
8,98.475,low,low,false,50.8383,=H57+ I57,1514238351,0.554454
8,98.445,low,low,false,52.0706,=H58+ I58,1514238352,0.7867
8,98.415,low,high,false,53.3021,=H59+ I59,1514238354,0.0182559
8,98.385,low,low,false,54.5302,=H60+ I60,1514238355,0.246354
8,98.355,low,moderate,false,55.7846,=H61+ I61,1514238356,0.500717
8,98.325,low,moderate,false,57.0195,=H62+ I62,1514238357,0.735627
8,98.295,low,high,false,58.2493,=H63+ I63,1514238358,0.965424
8,98.265,low,high,false,59.4795,=H64+ I64,1514238360,0.195601
8,98.235,low,low,false,60.7147,=H65+ I65,1514238361,0.430852
8,98.195,high,high,true,61.9613,=H66+ I66,1514238362,0.677401
8,98.174,high,high,false,62.0877,=H67+ I67,1514238362,0.803799
8,98.153,high,high,false,62.2117,=H68+ I68,1514238362,0.927803
8,98.132,high,high,false,62.3351,=H69+ I69,1514238363,0.0512467
8,98.111,high,high,false,62.4587,=H70+ I70,1514238363,0.174859
8,98.09,high,high,false,62.5843,=H71+ I71,1514238363,0.300386
8,98.069,high,high,false,62.7077,=H72+ I72,1514238363,0.423847
8,98.048,high,high,false,62.8306,=H73+ I73,1514238363,0.546738
8,98.027,high,high,false,62.9529,=H74+ I74,1514238363,0.66902
8,98.006,high,high,false,63.0774,=H75+ I75,1514238363,0.79353
8,97.985,high,high,false,63.2037,=H76+ I76,1514238363,0.919779
8,97.964,high,high,false,63.3314,=H77+ I77,1514238364,0.047488
8,97.943,high,high,false,63.4547,=H78+ I78,1514238364,0.170792
8,97.922,high,high,false,63.5771,=H79+ I79,1514238364,0.293192
8,97.901,high,high,false,63.7007,=H80+ I80,1514238364,0.416768
8,97.88,high,high,false,63.8237,=H81+ I81,1514238364,0.539839
8,97.859,high,high,false,63.9456,=H82+ I82,1514238364,0.66171
8,97.838,high,high,false,64.0678,=H83+ I83,1514238364,0.783917
8,97.817,high,high,false,64.1904,=H84+ I84,1514238364,0.90649
8,97.796,high,high,false,64.3147,=H85+ I85,1514238365,0.0308364
8,97.775,high,high,false,64.4384,=H86+ I86,1514238365,0.154504
8,97.754,high,high,false,64.5644,=H87+ I87,1514238365,0.280473
8,97.733,high,high,false,64.6867,=H88+ I88,1514238365,0.402857
8,97.712,high,high,false,64.8095,=H89+ I89,1514238365,0.525608
8,97.691,high,high,false,64.9328,=H90+ I90,1514238365,0.648941
8,97.67,high,high,false,65.0547,=H91+ I91,1514238365,0.770841
8,97.649,high,high,false,65.1775,=H92+ I92,1514238365,0.893605
8,97.628,high,high,false,65.3007,=H93+ I93,1514238366,0.0168314
8,97.607,high,high,false,65.4271,=H94+ I94,1514238366,0.14323
8,97.586,high,high,false,65.5531,=H95+ I95,1514238366,0.269229
8,97.565,high,high,false,65.676,=H96+ I96,1514238366,0.392124
8,97.544,high,high,false,65.798,=H97+ I97,1514238366,0.514084
8,97.523,high,high,false,65.9212,=H98+ I98,1514238366,0.637304
8,97.502,high,high,false,66.0469,=H99+ I99,1514238366,0.763012
8,97.481,high,high,false,66.1693,=H100+ I100,1514238366,0.885365
8,97.46,high,high,false,66.2915,=H101+ I101,1514238367,0.00758554
8,97.439,high,high,false,66.4188,=H102+ I102,1514238367,0.134884
8,97.418,high,high,false,66.5416,=H103+ I103,1514238367,0.257671
8,97.397,high,high,false,66.6635,=H104+ I104,1514238367,0.379642
8,97.376,high,high,false,66.7864,=H105+ I105,1514238367,0.502503
8,97.355,high,high,false,66.9084,=H106+ I106,1514238367,0.624503
8,97.334,high,high,false,67.0298,=H107+ I107,1514238367,0.745906
8,97.313,high,high,false,67.1522,=H108+ I108,1514238367,0.86828
8,97.292,high,high,false,67.2777,=H109+ I109,1514238367,0.993851
8,97.271,high,high,false,67.3995,=H110+ I110,1514238368,0.115656
8,97.25,high,high,false,67.5222,=H111+ I111,1514238368,0.238264
8,97.229,high,high,false,67.644,=H112+ I112,1514238368,0.360108
8,97.208,high,high,false,67.7669,=H113+ I113,1514238368,0.483002
8,97.187,high,high,false,67.8887,=H114+ I114,1514238368,0.604821
8,97.166,high,high,false,68.011,=H115+ I115,1514238368,0.727117
8,97.145,high,high,false,68.1358,=H116+ I116,1514238368,0.851959
8,97.124,high,high,false,68.2586,=H117+ I117,1514238368,0.974666
8,97.103,high,high,false,68.3809,=H118+ I118,1514238369,0.0969945
8,97.082,high,high,false,68.5044,=H119+ I119,1514238369,0.220472
8,97.061,high,high,false,68.6296,=H120+ I120,1514238369,0.345732
8,97.04,high,high,false,68.7529,=H121+ I121,1514238369,0.468962
8,97.019,high,high,false,68.8755,=H122+ I122,1514238369,0.591619
8,96.998,high,high,false,68.9983,=H123+ I123,1514238369,0.714409
8,96.977,high,high,false,69.1199,=H124+ I124,1514238369,0.835965
8,96.956,high,high,false,69.2428,=H125+ I125,1514238369,0.958863
8,96.935,high,high,false,69.3642,=H126+ I126,1514238370,0.0803222
8,96.914,high,high,false,69.4858,=H127+ I127,1514238370,0.201954
8,96.893,high,high,false,69.6077,=H128+ I128,1514238370,0.323843
8,96.872,high,high,false,69.7295,=H129+ I129,1514238370,0.445649
8,96.851,high,high,false,69.8516,=H130+ I130,1514238370,0.567733
8,96.83,high,high,false,69.9747,=H131+ I131,1514238370,0.690788
8,96.809,high,high,false,70.0967,=H132+ I132,1514238370,0.812859
8,96.788,high,high,false,70.222,=H133+ I133,1514238370,0.938099
8,96.767,high,high,false,70.3439,=H134+ I134,1514238371,0.0600546
8,96.746,high,high,false,70.4664,=H135+ I135,1514238371,0.182463
8,96.725,high,high,false,70.589,=H136+ I136,1514238371,0.305146
8,96.704,high,high,false,70.7112,=H137+ I137,1514238371,0.427336
8,96.683,high,high,false,70.833,=H138+ I138,1514238371,0.549133
8,96.662,high,high,false,70.9552,=H139+ I139,1514238371,0.671302
8,96.641,high,high,false,71.0777,=H140+ I140,1514238371,0.793853
8,96.62,high,high,false,71.2002,=H141+ I141,1514238371,0.916266
8,96.599,high,high,false,71.3224,=H142+ I142,1514238372,0.0385016
8,96.578,high,high,false,71.4445,=H143+ I143,1514238372,0.160565
8,96.557,high,high,false,71.5664,=H144+ I144,1514238372,0.282537
8,96.536,high,high,false,71.6892,=H145+ I145,1514238372,0.405279
8,96.515,high,high,false,71.8115,=H146+ I146,1514238372,0.527612
8,96.494,high,high,false,71.9329,=H147+ I147,1514238372,0.648993
8,96.473,high,high,false,72.0546,=H148+ I148,1514238372,0.770739
8,96.452,high,moderate,false,72.18,=H149+ I149,1514238372,0.896155
8,96.431,high,moderate,false,72.3022,=H150+ I150,1514238373,0.0182885
8,96.4,moderate,moderate,true,72.4247,=H151+ I151,1514238373,0.140771
8,96.375,moderate,moderate,false,73.0375,=H152+ I152,1514238373,0.753624
8,96.35,moderate,moderate,false,73.6476,=H153+ I153,1514238374,0.36375
8,96.325,moderate,moderate,false,74.2598,=H154+ I154,1514238374,0.975907
8,96.3,moderate,moderate,false,74.8802,=H155+ I155,1514238375,0.596309
8,96.275,moderate,moderate,false,75.4923,=H156+ I156,1514238376,0.208407
8,96.25,moderate,moderate,false,76.1063,=H157+ I157,1514238376,0.822376
8,96.225,moderate,moderate,false,76.7184,=H158+ I158,1514238377,0.434469
8,96.2,moderate,moderate,false,77.3288,=H159+ I159,1514238378,0.0448738
8,96.175,moderate,moderate,false,77.943,=H160+ I160,1514238378,0.659084
8,96.15,moderate,moderate,false,78.5562,=H161+ I161,1514238379,0.272327
8,96.125,moderate,moderate,false,79.1727,=H162+ I162,1514238379,0.888817
8,96.1,moderate,moderate,false,79.7869,=H163+ I163,1514238380,0.503021
8,96.075,moderate,moderate,false,80.4026,=H164+ I164,1514238381,0.11874
8,96.05,moderate,moderate,false,81.0141,=H165+ I165,1514238381,0.730194
8,96.025,moderate,moderate,false,81.6284,=H166+ I166,1514238382,0.344498
8,96,moderate,moderate,false,82.2439,=H167+ I167,1514238382,0.959967
8,95.975,moderate,moderate,false,82.8561,=H168+ I168,1514238383,0.572213
8,95.95,moderate,moderate,false,83.4668,=H169+ I169,1514238384,0.182928
8,95.925,moderate,low,false,84.0798,=H170+ I170,1514238384,0.795909
8,95.9,moderate,moderate,false,84.6918,=H171+ I171,1514238385,0.407918
8,95.875,moderate,moderate,false,85.3141,=H172+ I172,1514238386,0.0302527
8,95.85,moderate,moderate,false,85.9285,=H173+ I173,1514238386,0.644606
8,95.825,moderate,high,false,86.5465,=H174+ I174,1514238387,0.262566
8,95.8,moderate,low,false,87.1627,=H175+ I175,1514238387,0.878774
8,95.775,moderate,high,false,87.775,=H176+ I176,1514238388,0.491078
8,95.75,moderate,moderate,false,88.3863,=H177+ I177,1514238389,0.102374
8,95.725,moderate,low,false,88.9998,=H178+ I178,1514238389,0.715896
8,95.69,low,low,true,89.6109,=H179+ I179,1514238390,0.327032
8,95.66,low,low,false,90.8429,=H180+ I180,1514238391,0.558977
8,95.63,low,low,false,92.073,=H181+ I181,1514238392,0.789125
8,95.6,low,low,false,93.3071,=H182+ I182,1514238394,0.0232445
8,95.57,low,low,false,94.5378,=H183+ I183,1514238395,0.253912
8,95.54,low,low,false,95.7674,=H184+ I184,1514238396,0.483481
8,95.51,low,low,false,97.003,=H185+ I185,1514238397,0.719136
8,95.48,low,low,false,98.236,=H186+ I186,1514238398,0.95213
8,95.45,low,low,false,99.4613,=H187+ I187,1514238400,0.177436
8,95.42,low,low,false,100.696,=H188+ I188,1514238401,0.41215
8,95.39,low,moderate,false,101.92,=H189+ I189,1514238402,0.636527
8,95.36,low,moderate,false,103.145,=H190+ I190,1514238403,0.86067
8,95.33,low,high,false,104.369,=H191+ I191,1514238405,0.084733
8,95.3,low,high,false,105.596,=H192+ I192,1514238406,0.312477
8,95.27,low,low,false,106.82,=H193+ I193,1514238407,0.536041
8,95.24,low,low,false,108.055,=H194+ I194,1514238408,0.770918
8,95.21,low,moderate,false,109.285,=H195+ I195,1514238410,0.00130225
8,95.18,low,moderate,false,110.528,=H196+ I196,1514238411,0.244502
8,95.15,low,high,false,111.762,=H197+ I197,1514238412,0.478267
8,95.11,moderate,moderate,true,112.989,=H198+ I198,1514238413,0.704672
8,95.085,moderate,moderate,false,113.604,=H199+ I199,1514238414,0.319821
8,95.06,moderate,moderate,false,114.218,=H200+ I200,1514238414,0.934482
8,95.035,moderate,moderate,false,114.833,=H201+ I201,1514238415,0.54879
8,95.01,moderate,moderate,false,115.45,=H202+ I202,1514238416,0.166547
8,94.985,moderate,moderate,false,116.068,=H203+ I203,1514238416,0.784171
8,94.96,moderate,moderate,false,116.681,=H204+ I204,1514238417,0.397466
8,94.935,moderate,moderate,false,117.297,=H205+ I205,1514238418,0.0132595
8,94.91,moderate,moderate,false,117.913,=H206+ I206,1514238418,0.629184
8,94.885,moderate,moderate,false,118.532,=H207+ I207,1514238419,0.248066
8,94.86,moderate,moderate,false,119.153,=H208+ I208,1514238419,0.869537
8,94.835,moderate,moderate,false,119.767,=H209+ I209,1514238420,0.483046
8,94.81,moderate,moderate,false,120.38,=H210+ I210,1514238421,0.0964087
8,94.785,moderate,moderate,false,120.995,=H211+ I211,1514238421,0.711461
8,94.76,moderate,moderate,false,121.607,=H212+ I212,1514238422,0.323398
8,94.735,moderate,moderate,false,122.221,=H213+ I213,1514238422,0.937082
8,94.71,moderate,moderate,false,122.836,=H214+ I214,1514238423,0.551688
8,94.685,moderate,moderate,false,123.449,=H215+ I215,1514238424,0.165274
8,94.66,moderate,moderate,false,124.063,=H216+ I216,1514238424,0.779165
8,94.635,moderate,high,false,124.68,=H217+ I217,1514238425,0.396192
8,94.61,moderate,high,false,125.293,=H218+ I218,1514238426,0.00933474
8,94.585,moderate,low,false,125.907,=H219+ I219,1514238426,0.623321
8,94.55,high,high,true,126.524,=H220+ I220,1514238427,0.23981
8,94.529,high,high,false,126.648,=H221+ I221,1514238427,0.364552
8,94.508,high,high,false,126.771,=H222+ I222,1514238427,0.486685
8,94.487,high,high,false,126.897,=H223+ I223,1514238427,0.612881
8,94.466,high,high,false,127.02,=H224+ I224,1514238427,0.735832
8,94.445,high,high,false,127.143,=H225+ I225,1514238427,0.858923
8,94.424,high,high,false,127.266,=H226+ I226,1514238427,0.982019
8,94.403,high,high,false,127.388,=H227+ I227,1514238428,0.103878
8,94.382,high,high,false,127.51,=H228+ I228,1514238428,0.226309
8,94.361,high,high,false,127.633,=H229+ I229,1514238428,0.348699
8,94.34,high,high,false,127.755,=H230+ I230,1514238428,0.471291
8,94.319,high,high,false,127.878,=H231+ I231,1514238428,0.594079
8,94.298,high,high,false,128,=H232+ I232,1514238428,0.715996
8,94.277,high,high,false,128.123,=H233+ I233,1514238428,0.83877
8,94.256,high,high,false,128.246,=H234+ I234,1514238428,0.962048
8,94.235,high,high,false,128.372,=H235+ I235,1514238429,0.0884771
8,94.214,high,high,false,128.503,=H236+ I236,1514238429,0.218975
8,94.193,high,high,false,128.626,=H237+ I237,1514238429,0.341683
8,94.172,high,high,false,128.748,=H238+ I238,1514238429,0.464587
8,94.151,high,high,false,128.87,=H239+ I239,1514238429,0.586537
8,94.13,high,high,false,128.994,=H240+ I240,1514238429,0.709871
8,94.109,high,high,false,129.115,=H241+ I241,1514238429,0.831571
8,94.088,high,high,false,129.24,=H242+ I242,1514238429,0.956405
8,94.067,high,high,false,129.363,=H243+ I243,1514238430,0.0788239
8,94.046,high,high,false,129.485,=H244+ I244,1514238430,0.200753
8,94.025,high,high,false,129.608,=H245+ I245,1514238430,0.32372
8,94.004,high,high,false,129.73,=H246+ I246,1514238430,0.446029
8,93.983,high,high,false,129.853,=H247+ I247,1514238430,0.569422
8,93.962,high,high,false,129.976,=H248+ I248,1514238430,0.692304
8,93.941,high,high,false,130.099,=H249+ I249,1514238430,0.815277
8,93.92,high,high,false,130.222,=H250+ I250,1514238430,0.93798
8,93.899,high,high,false,130.344,=H251+ I251,1514238431,0.0604156
8,93.878,high,high,false,130.467,=H252+ I252,1514238431,0.18339
8,93.857,high,high,false,130.59,=H253+ I253,1514238431,0.305689
8,93.836,high,high,false,130.712,=H254+ I254,1514238431,0.427804
8,93.815,high,high,false,130.834,=H255+ I255,1514238431,0.550464
8,93.794,high,high,false,130.956,=H256+ I256,1514238431,0.672058
8,93.773,high,high,false,131.079,=H257+ I257,1514238431,0.794798
8,93.752,high,high,false,131.201,=H258+ I258,1514238431,0.916996
8,93.731,high,high,false,131.324,=H259+ I259,1514238432,0.0404136
8,93.71,high,high,false,131.447,=H260+ I260,1514238432,0.163159
8,93.689,high,high,false,131.569,=H261+ I261,1514238432,0.285509
8,93.668,high,high,false,131.692,=H262+ I262,1514238432,0.407803
8,93.647,high,high,false,131.815,=H263+ I263,1514238432,0.531166
8,93.626,high,high,false,131.938,=H264+ I264,1514238432,0.653794
8,93.605,high,high,false,132.06,=H265+ I265,1514238432,0.775851
8,93.584,high,high,false,132.183,=H266+ I266,1514238432,0.898654
8,93.563,high,high,false,132.308,=H267+ I267,1514238433,0.0240685
8,93.542,high,high,false,132.431,=H268+ I268,1514238433,0.146838
8,93.521,high,high,false,132.556,=H269+ I269,1514238433,0.272555
8,93.5,high,high,false,132.679,=H270+ I270,1514238433,0.395222
8,93.479,high,high,false,132.802,=H271+ I271,1514238433,0.517975
8,93.458,high,high,false,132.925,=H272+ I272,1514238433,0.641079
8,93.437,high,high,false,133.048,=H273+ I273,1514238433,0.763737
8,93.416,high,high,false,133.174,=H274+ I274,1514238433,0.889754
8,93.395,high,high,false,133.298,=H275+ I275,1514238434,0.0141348
8,93.374,high,high,false,133.425,=H276+ I276,1514238434,0.141453
8,93.353,high,high,false,133.549,=H277+ I277,1514238434,0.264666
8,93.332,high,high,false,133.676,=H278+ I278,1514238434,0.391711
8,93.311,high,high,false,133.798,=H279+ I279,1514238434,0.514245
8,93.29,high,high,false,133.924,=H280+ I280,1514238434,0.640497
8,93.269,high,high,false,134.047,=H281+ I281,1514238434,0.763175
8,93.248,high,high,false,134.17,=H282+ I282,1514238434,0.886266
8,93.227,high,high,false,134.293,=H283+ I283,1514238435,0.00913243
8,93.206,high,high,false,134.418,=H284+ I284,1514238435,0.134543
8,93.185,high,high,false,134.541,=H285+ I285,1514238435,0.257492
8,93.164,high,high,false,134.665,=H286+ I286,1514238435,0.380954
8,93.143,high,high,false,134.789,=H287+ I287,1514238435,0.504906
8,93.122,high,high,false,134.912,=H288+ I288,1514238435,0.628225
8,93.101,high,high,false,135.037,=H289+ I289,1514238435,0.753464
8,93.08,high,high,false,135.16,=H290+ I290,1514238435,0.876005
8,93.059,high,high,false,135.283,=H291+ I291,1514238435,0.998732
8,93.038,high,high,false,135.405,=H292+ I292,1514238436,0.121442
8,93.017,high,high,false,135.529,=H293+ I293,1514238436,0.244951
8,92.996,high,high,false,135.651,=H294+ I294,1514238436,0.367441
8,92.975,high,high,false,135.774,=H295+ I295,1514238436,0.490431
8,92.954,high,high,false,135.898,=H296+ I296,1514238436,0.613724
8,92.933,high,high,false,136.021,=H297+ I297,1514238436,0.736952
8,92.912,high,high,false,136.143,=H298+ I298,1514238436,0.859406
8,92.891,high,high,false,136.266,=H299+ I299,1514238436,0.981797
8,92.87,high,high,false,136.39,=H300+ I300,1514238437,0.105668
8,92.849,high,high,false,136.512,=H301+ I301,1514238437,0.227927
8,92.828,high,high,false,136.634,=H302+ I302,1514238437,0.349871
8,92.807,high,low,false,136.756,=H303+ I303,1514238437,0.472076
8,92.786,high,low,false,136.878,=H304+ I304,1514238437,0.594307
8,92.765,high,high,false,137.001,=H305+ I305,1514238437,0.717475
8,92.744,high,high,false,137.127,=H306+ I306,1514238437,0.843559
8,92.723,high,moderate,false,137.251,=H307+ I307,1514238437,0.967043
8,92.702,high,moderate,false,137.375,=H308+ I308,1514238438,0.0906278
8,92.681,high,low,false,137.497,=H309+ I309,1514238438,0.21305
8,92.65,moderate,moderate,true,137.62,=H310+ I310,1514238438,0.336188
8,92.625,moderate,moderate,false,138.238,=H311+ I311,1514238438,0.953665
8,92.6,moderate,moderate,false,138.853,=H312+ I312,1514238439,0.569034
8,92.575,moderate,moderate,false,139.474,=H313+ I313,1514238440,0.190483
8,92.55,moderate,moderate,false,140.09,=H314+ I314,1514238440,0.805911
8,92.525,moderate,moderate,false,140.7,=H315+ I315,1514238441,0.415939
8,92.5,moderate,moderate,false,141.313,=H316+ I316,1514238442,0.029305
8,92.475,moderate,moderate,false,141.926,=H317+ I317,1514238442,0.642416
8,92.45,moderate,moderate,false,142.538,=H318+ I318,1514238443,0.253856
8,92.425,moderate,moderate,false,143.149,=H319+ I319,1514238443,0.864822
8,92.4,moderate,moderate,false,143.764,=H320+ I320,1514238444,0.48028
8,92.375,moderate,moderate,false,144.381,=H321+ I321,1514238445,0.0967075
8,92.35,moderate,moderate,false,144.998,=H322+ I322,1514238445,0.714424
8,92.325,moderate,moderate,false,145.609,=H323+ I323,1514238446,0.325528
8,92.3,moderate,moderate,false,146.221,=H324+ I324,1514238446,0.936818
8,92.275,moderate,moderate,false,146.832,=H325+ I325,1514238447,0.547701
8,92.25,moderate,moderate,false,147.443,=H326+ I326,1514238448,0.15913
8,92.225,moderate,moderate,false,148.06,=H327+ I327,1514238448,0.775996
8,92.2,moderate,high,false,148.678,=H328+ I328,1514238449,0.393829
8,92.175,moderate,high,false,149.289,=H329+ I329,1514238450,0.00466955
8,92.14,high,high,true,149.899,=H330+ I330,1514238450,0.614904
8,92.119,high,high,false,150.023,=H331+ I331,1514238450,0.738825
8,92.098,high,high,false,150.145,=H332+ I332,1514238450,0.861051
8,92.077,high,high,false,150.267,=H333+ I333,1514238450,0.982978
8,92.056,high,high,false,150.389,=H334+ I334,1514238451,0.104698
8,92.035,high,high,false,150.511,=H335+ I335,1514238451,0.226794
8,92.014,high,high,false,150.633,=H336+ I336,1514238451,0.348976
8,91.993,high,high,false,150.755,=H337+ I337,1514238451,0.471324
8,91.972,high,high,false,150.879,=H338+ I338,1514238451,0.595089
8,91.951,high,high,false,151.002,=H339+ I339,1514238451,0.718075
8,91.93,high,high,false,151.124,=H340+ I340,1514238451,0.840196
8,91.909,high,high,false,151.246,=H341+ I341,1514238451,0.962049
8,91.888,high,high,false,151.369,=H342+ I342,1514238452,0.0847279
8,91.867,high,high,false,151.492,=H343+ I343,1514238452,0.208238
8,91.846,high,high,false,151.615,=H344+ I344,1514238452,0.330795
8,91.825,high,high,false,151.737,=H345+ I345,1514238452,0.453343
8,91.804,high,high,false,151.86,=H346+ I346,1514238452,0.576314
8,91.783,high,high,false,151.982,=H347+ I347,1514238452,0.698451
8,91.762,high,high,false,152.105,=H348+ I348,1514238452,0.820765
8,91.741,high,high,false,152.227,=H349+ I349,1514238452,0.943028
8,91.72,high,high,false,152.351,=H350+ I350,1514238453,0.0666205
8,91.699,high,high,false,152.474,=H351+ I351,1514238453,0.189734
8,91.678,high,high,false,152.599,=H352+ I352,1514238453,0.314653
8,91.657,high,high,false,152.721,=H353+ I353,1514238453,0.437581
8,91.636,high,high,false,152.844,=H354+ I354,1514238453,0.560267
8,91.615,high,high,false,152.967,=H355+ I355,1514238453,0.68262
8,91.594,high,high,false,153.089,=H356+ I356,1514238453,0.804843
8,91.573,high,high,false,153.211,=H357+ I357,1514238453,0.927043
8,91.552,high,high,false,153.333,=H358+ I358,1514238454,0.0491116
8,91.531,high,high,false,153.455,=H359+ I359,1514238454,0.170964
8,91.51,high,high,false,153.577,=H360+ I360,1514238454,0.292786
8,91.489,high,high,false,153.699,=H361+ I361,1514238454,0.415332
8,91.468,high,high,false,153.822,=H362+ I362,1514238454,0.537616
8,91.447,high,high,false,153.944,=H363+ I363,1514238454,0.660366
8,91.426,high,high,false,154.066,=H364+ I364,1514238454,0.782552
8,91.405,high,high,false,154.188,=H365+ I365,1514238454,0.904346
8,91.384,high,high,false,154.314,=H366+ I366,1514238455,0.0302367
8,91.363,high,high,false,154.438,=H367+ I367,1514238455,0.153748
8,91.342,high,high,false,154.563,=H368+ I368,1514238455,0.27958
8,91.321,high,high,false,154.686,=H369+ I369,1514238455,0.40246
8,91.3,high,high,false,154.812,=H370+ I370,1514238455,0.528342
8,91.279,high,high,false,154.935,=H371+ I371,1514238455,0.650864
8,91.258,high,high,false,155.061,=H372+ I372,1514238455,0.776789
8,91.237,high,high,false,155.186,=H373+ I373,1514238455,0.902257
8,91.216,high,high,false,155.312,=H374+ I374,1514238456,0.0283348
8,91.195,high,high,false,155.434,=H375+ I375,1514238456,0.150256
8,91.174,high,high,false,155.556,=H376+ I376,1514238456,0.272387
8,91.153,high,high,false,155.679,=H377+ I377,1514238456,0.395346
8,91.132,high,high,false,155.804,=H378+ I378,1514238456,0.520332
8,91.111,high,high,false,155.927,=H379+ I379,1514238456,0.642967
8,91.09,high,high,false,156.049,=H380+ I380,1514238456,0.765
8,91.069,high,high,false,156.171,=H381+ I381,1514238456,0.886911
8,91.048,high,high,false,156.293,=H382+ I382,1514238457,0.00895832
8,91.027,high,high,false,156.415,=H383+ I383,1514238457,0.131121
8,91.006,high,high,false,156.537,=H384+ I384,1514238457,0.253219
8,90.985,high,high,false,156.659,=H385+ I385,1514238457,0.375462
8,90.964,high,high,false,156.782,=H386+ I386,1514238457,0.498181
8,90.943,high,high,false,156.905,=H387+ I387,1514238457,0.621081
8,90.922,high,high,false,157.027,=H388+ I388,1514238457,0.743567
8,90.901,high,high,false,157.15,=H389+ I389,1514238457,0.865778
8,90.88,high,high,false,157.271,=H390+ I390,1514238457,0.987405
8,90.859,high,high,false,157.393,=H391+ I391,1514238458,0.109083
8,90.838,high,high,false,157.515,=H392+ I392,1514238458,0.231147
8,90.817,high,high,false,157.638,=H393+ I393,1514238458,0.354136
8,90.796,high,high,false,157.76,=H394+ I394,1514238458,0.475865
8,90.775,high,high,false,157.883,=H395+ I395,1514238458,0.599013
8,90.754,high,high,false,158.005,=H396+ I396,1514238458,0.721051
8,90.733,high,high,false,158.127,=H397+ I397,1514238458,0.843375
8,90.712,high,high,false,158.25,=H398+ I398,1514238458,0.96597
8,90.691,high,high,false,158.374,=H399+ I399,1514238459,0.0904101
8,90.67,high,high,false,158.497,=H400+ I400,1514238459,0.213145
8,90.649,high,high,false,158.619,=H401+ I401,1514238459,0.335042
8,90.628,high,high,false,158.742,=H402+ I402,1514238459,0.457899
8,90.607,high,high,false,158.869,=H403+ I403,1514238459,0.585516
8,90.586,high,high,false,158.991,=H404+ I404,1514238459,0.707503
8,90.565,high,high,false,159.114,=H405+ I405,1514238459,0.829638
8,90.544,high,high,false,159.238,=H406+ I406,1514238459,0.953941
8,90.523,high,high,false,159.36,=H407+ I407,1514238460,0.0757459
8,90.502,high,high,false,159.484,=H408+ I408,1514238460,0.199626
8,90.481,high,high,false,159.607,=H409+ I409,1514238460,0.322992
8,90.46,high,high,false,159.732,=H410+ I410,1514238460,0.447914
8,90.439,high,high,false,159.856,=H411+ I411,1514238460,0.572405
8,90.418,high,high,false,159.978,=H412+ I412,1514238460,0.69421
8,90.397,high,low,false,160.1,=H413+ I413,1514238460,0.815868
8,90.376,high,low,false,160.221,=H414+ I414,1514238460,0.937363
8,90.355,high,moderate,false,160.343,=H415+ I415,1514238461,0.0596017
8,90.324,low,low,true,160.465,=H416+ I416,1514238461,0.181199
8,90.294,low,low,false,161.685,=H417+ I417,1514238462,0.401153
8,90.264,low,low,false,162.903,=H418+ I418,1514238463,0.618766
8,90.234,low,low,false,164.124,=H419+ I419,1514238464,0.840221
8,90.204,low,low,false,165.343,=H420+ I420,1514238466,0.0592331
8,90.174,low,low,false,166.566,=H421+ I421,1514238467,0.28185
8,90.144,low,low,false,167.792,=H422+ I422,1514238468,0.507631
8,90.114,low,low,false,169.011,=H423+ I423,1514238469,0.727477
8,90.084,low,low,false,170.238,=H424+ I424,1514238470,0.954462
8,90.054,low,low,false,171.456,=H425+ I425,1514238472,0.172523
8,90.024,low,low,false,172.677,=H426+ I426,1514238473,0.392665
8,89.994,low,low,false,173.901,=H427+ I427,1514238474,0.617136
8,89.964,low,moderate,false,175.122,=H428+ I428,1514238475,0.837814
8,89.934,low,low,false,176.349,=H429+ I429,1514238477,0.065516
8,89.904,low,moderate,false,177.578,=H430+ I430,1514238478,0.294349
8,89.874,low,low,false,178.807,=H431+ I431,1514238479,0.523586
8,89.844,low,low,false,180.036,=H432+ I432,1514238480,0.752163
8,89.814,low,low,false,181.268,=H433+ I433,1514238481,0.983628
8,89.784,low,low,false,182.506,=H434+ I434,1514238483,0.222257
8,89.754,low,moderate,false,183.733,=H435+ I435,1514238484,0.449172
8,89.724,low,high,false,184.957,=H436+ I436,1514238485,0.672761
8,89.694,low,low,false,186.19,=H437+ I437,1514238486,0.906504
8,89.664,low,moderate,false,187.425,=H438+ I438,1514238488,0.141202
8,89.624,moderate,moderate,true,188.656,=H439+ I439,1514238489,0.372608
8,89.599,moderate,moderate,false,189.275,=H440+ I440,1514238489,0.991059
8,89.574,moderate,moderate,false,189.886,=H441+ I441,1514238490,0.601721
8,89.549,moderate,moderate,false,190.498,=H442+ I442,1514238491,0.213954
8,89.524,moderate,moderate,false,191.112,=H443+ I443,1514238491,0.827825
8,89.499,moderate,moderate,false,191.728,=H444+ I444,1514238492,0.444468
8,89.474,moderate,moderate,false,192.343,=H445+ I445,1514238493,0.0587807
8,89.449,moderate,moderate,false,192.956,=H446+ I446,1514238493,0.672495
8,89.424,moderate,moderate,false,193.571,=H447+ I447,1514238494,0.287178
8,89.399,moderate,moderate,false,194.183,=H448+ I448,1514238494,0.899004
8,89.374,moderate,moderate,false,194.793,=H449+ I449,1514238495,0.509031
8,89.349,moderate,moderate,false,195.405,=H450+ I450,1514238496,0.120729
8,89.324,moderate,moderate,false,196.015,=H451+ I451,1514238496,0.731239
8,89.299,moderate,moderate,false,196.631,=H452+ I452,1514238497,0.346624
8,89.274,moderate,moderate,false,197.241,=H453+ I453,1514238497,0.957028
8,89.249,moderate,moderate,false,197.853,=H454+ I454,1514238498,0.56943
8,89.224,moderate,moderate,false,198.464,=H455+ I455,1514238499,0.180417
8,89.199,moderate,moderate,false,199.071,=H456+ I456,1514238499,0.787507
8,89.174,moderate,moderate,false,199.68,=H457+ I457,1514238500,0.395963
8,89.149,moderate,high,false,200.287,=H458+ I458,1514238501,0.00358493
8,89.124,moderate,moderate,false,200.902,=H459+ I459,1514238501,0.618108
8,89.099,moderate,moderate,false,201.513,=H460+ I460,1514238502,0.22956
8,89.074,moderate,moderate,false,202.126,=H461+ I461,1514238502,0.842443
8,89.049,moderate,low,false,202.743,=H462+ I462,1514238503,0.459413
8,89.024,moderate,high,false,203.352,=H463+ I463,1514238504,0.0685571
8,88.999,moderate,high,false,203.961,=H464+ I464,1514238504,0.676893
8,88.964,high,high,true,204.569,=H465+ I465,1514238505,0.28521
8,88.943,high,high,false,204.694,=H466+ I466,1514238505,0.409793
8,88.922,high,high,false,204.815,=H467+ I467,1514238505,0.531413
8,88.901,high,high,false,204.937,=H468+ I468,1514238505,0.652888
8,88.88,high,high,false,205.058,=H469+ I469,1514238505,0.774424
8,88.859,high,high,false,205.181,=H470+ I470,1514238505,0.896636
8,88.838,high,high,false,205.305,=H471+ I471,1514238506,0.0208602
8,88.817,high,high,false,205.427,=H472+ I472,1514238506,0.143392
8,88.796,high,high,false,205.548,=H473+ I473,1514238506,0.264521
8,88.775,high,high,false,205.672,=H474+ I474,1514238506,0.388092
8,88.754,high,high,false,205.794,=H475+ I475,1514238506,0.510294
8,88.733,high,high,false,205.917,=H476+ I476,1514238506,0.632794
8,88.712,high,high,false,206.039,=H477+ I477,1514238506,0.754709
8,88.691,high,high,false,206.16,=H478+ I478,1514238506,0.876193
8,88.67,high,high,false,206.282,=H479+ I479,1514238506,0.998171
8,88.649,high,high,false,206.405,=H480+ I480,1514238507,0.121249
8,88.628,high,high,false,206.53,=H481+ I481,1514238507,0.245727
8,88.607,high,high,false,206.652,=H482+ I482,1514238507,0.368218
8,88.586,high,high,false,206.779,=H483+ I483,1514238507,0.495508
8,88.565,high,high,false,206.901,=H484+ I484,1514238507,0.617295
8,88.544,high,high,false,207.024,=H485+ I485,1514238507,0.739614
8,88.523,high,high,false,207.145,=H486+ I486,1514238507,0.861446
8,88.502,high,high,false,207.268,=H487+ I487,1514238507,0.983677
8,88.481,high,high,false,207.39,=H488+ I488,1514238508,0.106267
8,88.46,high,high,false,207.515,=H489+ I489,1514238508,0.230822
8,88.439,high,high,false,207.638,=H490+ I490,1514238508,0.353899
8,88.418,high,high,false,207.76,=H491+ I491,1514238508,0.47647
8,88.397,high,high,false,207.883,=H492+ I492,1514238508,0.599522
8,88.376,high,high,false,208.007,=H493+ I493,1514238508,0.722696
8,88.355,high,high,false,208.128,=H494+ I494,1514238508,0.843951
8,88.334,high,high,false,208.25,=H495+ I495,1514238508,0.965977
8,88.313,high,high,false,208.373,=H496+ I496,1514238509,0.0886826
8,88.292,high,high,false,208.495,=H497+ I497,1514238509,0.211545
8,88.271,high,high,false,208.621,=H498+ I498,1514238509,0.336846
8,88.25,high,high,false,208.743,=H499+ I499,1514238509,0.459518
8,88.229,high,high,false,208.866,=H500+ I500,1514238509,0.581827
8,88.208,high,high,false,208.991,=H501+ I501,1514238509,0.706944
8,88.187,high,high,false,209.114,=H502+ I502,1514238509,0.829742
8,88.166,high,high,false,209.235,=H503+ I503,1514238509,0.951426
8,88.145,high,high,false,209.357,=H504+ I504,1514238510,0.0735363
8,88.124,high,high,false,209.479,=H505+ I505,1514238510,0.195487
8,88.103,high,high,false,209.603,=H506+ I506,1514238510,0.31884
8,88.082,high,high,false,209.725,=H507+ I507,1514238510,0.441089
8,88.061,high,high,false,209.847,=H508+ I508,1514238510,0.563197
8,88.04,high,high,false,209.969,=H509+ I509,1514238510,0.68553
8,88.019,high,high,false,210.091,=H510+ I510,1514238510,0.80761
8,87.998,high,high,false,210.214,=H511+ I511,1514238510,0.929861
8,87.977,high,high,false,210.337,=H512+ I512,1514238511,0.0530119
8,87.956,high,high,false,210.459,=H513+ I513,1514238511,0.175242
8,87.935,high,high,false,210.581,=H514+ I514,1514238511,0.297432
8,87.914,high,high,false,210.704,=H515+ I515,1514238511,0.419878
8,87.893,high,high,false,210.827,=H516+ I516,1514238511,0.542697
8,87.872,high,high,false,210.949,=H517+ I517,1514238511,0.665408
8,87.851,high,high,false,211.075,=H518+ I518,1514238511,0.791151
8,87.83,high,high,false,211.198,=H519+ I519,1514238511,0.913861
8,87.809,high,high,false,211.321,=H520+ I520,1514238512,0.0367228
8,87.788,high,high,false,211.443,=H521+ I521,1514238512,0.158664
8,87.767,high,high,false,211.565,=H522+ I522,1514238512,0.281583
8,87.746,high,high,false,211.687,=H523+ I523,1514238512,0.403069
8,87.725,high,high,false,211.809,=H524+ I524,1514238512,0.524939
8,87.704,high,high,false,211.931,=H525+ I525,1514238512,0.647007
8,87.683,high,high,false,212.053,=H526+ I526,1514238512,0.769323
8,87.662,high,high,false,212.176,=H527+ I527,1514238512,0.892203
8,87.641,high,high,false,212.299,=H528+ I528,1514238513,0.0147031
8,87.62,high,high,false,212.421,=H529+ I529,1514238513,0.136648
8,87.599,high,high,false,212.543,=H530+ I530,1514238513,0.259475
8,87.578,high,high,false,212.666,=H531+ I531,1514238513,0.382278
8,87.557,high,high,false,212.788,=H532+ I532,1514238513,0.504233
8,87.536,high,high,false,212.913,=H533+ I533,1514238513,0.629268
8,87.515,high,high,false,213.036,=H534+ I534,1514238513,0.752474
8,87.494,high,high,false,213.159,=H535+ I535,1514238513,0.875362
8,87.473,high,high,false,213.281,=H536+ I536,1514238513,0.997109
8,87.452,high,high,false,213.404,=H537+ I537,1514238514,0.120403
8,87.431,high,high,false,213.527,=H538+ I538,1514238514,0.242754
8,87.41,high,high,false,213.649,=H539+ I539,1514238514,0.365162
8,87.389,high,high,false,213.772,=H540+ I540,1514238514,0.488241
8,87.368,high,high,false,213.894,=H541+ I541,1514238514,0.610136
8,87.347,high,high,false,214.017,=H542+ I542,1514238514,0.733435
8,87.326,high,high,false,214.141,=H543+ I543,1514238514,0.857089
8,87.305,high,high,false,214.263,=H544+ I544,1514238514,0.978814
8,87.284,high,high,false,214.384,=H545+ I545,1514238515,0.100424
8,87.263,high,high,false,214.507,=H546+ I546,1514238515,0.222992
8,87.242,high,high,false,214.629,=H547+ I547,1514238515,0.345214
8,87.221,high,moderate,false,214.751,=H548+ I548,1514238515,0.46732
8,87.2,high,high,false,214.873,=H549+ I549,1514238515,0.589036
8,87.179,high,low,false,214.995,=H550+ I550,1514238515,0.711535
8,87.158,high,low,false,215.121,=H551+ I551,1514238515,0.837486
8,87.127,low,low,true,215.243,=H552+ I552,1514238515,0.959588
8,87.097,low,low,false,216.478,=H553+ I553,1514238517,0.193737
8,87.067,low,low,false,217.717,=H554+ I554,1514238518,0.433123
8,87.037,low,low,false,218.943,=H555+ I555,1514238519,0.659305
8,87.007,low,low,false,220.169,=H556+ I556,1514238520,0.885086
8,86.977,low,low,false,221.396,=H557+ I557,1514238522,0.111732
8,86.947,low,low,false,222.623,=H558+ I558,1514238523,0.338642
8,86.917,low,low,false,223.844,=H559+ I559,1514238524,0.560296
8,86.887,low,low,false,225.066,=H560+ I560,1514238525,0.782455
8,86.857,low,low,false,226.294,=H561+ I561,1514238527,0.0105445
8,86.827,low,high,false,227.525,=H562+ I562,1514238528,0.241218
8,86.797,low,moderate,false,228.748,=H563+ I563,1514238529,0.46362
8,86.767,low,low,false,229.978,=H564+ I564,1514238530,0.693705
8,86.737,low,moderate,false,231.205,=H565+ I565,1514238531,0.921179
8,86.707,low,high,false,232.44,=H566+ I566,1514238533,0.156065
8,86.677,low,high,false,233.673,=H567+ I567,1514238534,0.389456
8,86.647,low,low,false,234.903,=H568+ I568,1514238535,0.618739
8,86.617,low,moderate,false,236.126,=H569+ I569,1514238536,0.842121
8,86.587,low,low,false,237.356,=H570+ I570,1514238538,0.0725261
8,86.557,low,low,false,238.579,=H571+ I571,1514238539,0.294917
8,86.527,low,moderate,false,239.804,=H572+ I572,1514238540,0.520497
8,86.487,moderate,moderate,true,241.037,=H573+ I573,1514238541,0.752701
8,86.462,moderate,moderate,false,241.654,=H574+ I574,1514238542,0.370433
8,86.437,moderate,moderate,false,242.272,=H575+ I575,1514238542,0.988218
8,86.412,moderate,moderate,false,242.887,=H576+ I576,1514238543,0.602783
8,86.387,moderate,moderate,false,243.502,=H577+ I577,1514238544,0.217912
8,86.362,moderate,moderate,false,244.114,=H578+ I578,1514238544,0.8298
8,86.337,moderate,moderate,false,244.727,=H579+ I579,1514238545,0.44282
8,86.312,moderate,moderate,false,245.34,=H580+ I580,1514238546,0.0562352
8,86.287,moderate,moderate,false,245.954,=H581+ I581,1514238546,0.670351
8,86.262,moderate,moderate,false,246.566,=H582+ I582,1514238547,0.282393
8,86.237,moderate,moderate,false,247.181,=H583+ I583,1514238547,0.897587
8,86.212,moderate,moderate,false,247.797,=H584+ I584,1514238548,0.512747
8,86.187,moderate,moderate,false,248.411,=H585+ I585,1514238549,0.12686
8,86.162,moderate,moderate,false,249.024,=H586+ I586,1514238549,0.740258
8,86.137,moderate,moderate,false,249.636,=H587+ I587,1514238550,0.352078
8,86.112,moderate,moderate,false,250.252,=H588+ I588,1514238550,0.968124
8,86.087,moderate,moderate,false,250.868,=H589+ I589,1514238551,0.583775
8,86.062,moderate,moderate,false,251.484,=H590+ I590,1514238552,0.199792
8,86.037,moderate,high,false,252.098,=H591+ I591,1514238552,0.814126
8,86.012,moderate,low,false,252.715,=H592+ I592,1514238553,0.430655
8,85.987,moderate,moderate,false,253.331,=H593+ I593,1514238554,0.0471565
8,85.962,moderate,high,false,253.948,=H594+ I594,1514238554,0.664471
8,85.937,moderate,moderate,false,254.556,=H595+ I595,1514238555,0.272329
8,85.912,moderate,moderate,false,255.167,=H596+ I596,1514238555,0.883061
8,85.887,moderate,high,false,255.776,=H597+ I597,1514238556,0.492301
8,85.862,moderate,low,false,256.385,=H598+ I598,1514238557,0.101384
8,85.837,moderate,high,false,256.995,=H599+ I599,1514238557,0.710935
8,85.812,moderate,low,false,257.608,=H600+ I600,1514238558,0.324198
8,85.777,high,high,true,258.226,=H601+ I601,1514238558,0.941611
8,85.756,high,high,false,258.351,=H602+ I602,1514238559,0.0668155
8,85.735,high,high,false,258.473,=H603+ I603,1514238559,0.189222
8,85.714,high,high,false,258.595,=H604+ I604,1514238559,0.311575
8,85.693,high,high,false,258.719,=H605+ I605,1514238559,0.435605
8,85.672,high,high,false,258.845,=H606+ I606,1514238559,0.561036
8,85.651,high,high,false,258.967,=H607+ I607,1514238559,0.682919
8,85.63,high,high,false,259.088,=H608+ I608,1514238559,0.804059
8,85.609,high,high,false,259.209,=H609+ I609,1514238559,0.925476
8,85.588,high,high,false,259.331,=H610+ I610,1514238560,0.0472229
8,85.567,high,high,false,259.453,=H611+ I611,1514238560,0.168906
8,85.546,high,high,false,259.575,=H612+ I612,1514238560,0.290961
8,85.525,high,high,false,259.696,=H613+ I613,1514238560,0.412603
8,85.504,high,high,false,259.818,=H614+ I614,1514238560,0.53388
8,85.483,high,high,false,259.94,=H615+ I615,1514238560,0.655707
8,85.462,high,high,false,260.061,=H616+ I616,1514238560,0.777187
8,85.441,high,high,false,260.182,=H617+ I617,1514238560,0.898578
8,85.42,high,high,false,260.303,=H618+ I618,1514238561,0.019595
8,85.399,high,high,false,260.425,=H619+ I619,1514238561,0.141113
8,85.378,high,high,false,260.547,=H620+ I620,1514238561,0.262681
8,85.357,high,high,false,260.667,=H621+ I621,1514238561,0.383502
8,85.336,high,high,false,260.789,=H622+ I622,1514238561,0.504861
8,85.315,high,high,false,260.91,=H623+ I623,1514238561,0.626124
8,85.294,high,high,false,261.032,=H624+ I624,1514238561,0.747641
8,85.273,high,high,false,261.153,=H625+ I625,1514238561,0.868905
8,85.252,high,high,false,261.275,=H626+ I626,1514238561,0.990855
8,85.231,high,high,false,261.396,=H627+ I627,1514238562,0.112462
8,85.21,high,high,false,261.518,=H628+ I628,1514238562,0.233711
8,85.189,high,high,false,261.639,=H629+ I629,1514238562,0.355087
8,85.168,high,high,false,261.76,=H630+ I630,1514238562,0.476602
8,85.147,high,high,false,261.881,=H631+ I631,1514238562,0.597466
8,85.126,high,high,false,262.003,=H632+ I632,1514238562,0.718703
8,85.105,high,high,false,262.124,=H633+ I633,1514238562,0.83997
8,85.084,high,high,false,262.246,=H634+ I634,1514238562,0.961918
8,85.063,high,high,false,262.367,=H635+ I635,1514238563,0.0832123
8,85.042,high,high,false,262.489,=H636+ I636,1514238563,0.20505
8,85.021,high,high,false,262.61,=H637+ I637,1514238563,0.325928
8,85,high,high,false,262.731,=H638+ I638,1514238563,0.446822
8,84.979,high,high,false,262.853,=H639+ I639,1514238563,0.569286
8,84.958,high,high,false,262.977,=H640+ I640,1514238563,0.692849
8,84.937,high,high,false,263.098,=H641+ I641,1514238563,0.81448
8,84.916,high,high,false,263.22,=H642+ I642,1514238563,0.935819
8,84.895,high,high,false,263.341,=H643+ I643,1514238564,0.0574832
8,84.874,high,high,false,263.463,=H644+ I644,1514238564,0.179294
8,84.853,high,high,false,263.585,=H645+ I645,1514238564,0.301226
8,84.832,high,high,false,263.707,=H646+ I646,1514238564,0.42331
8,84.811,high,high,false,263.829,=H647+ I647,1514238564,0.545146
8,84.79,high,high,false,263.953,=H648+ I648,1514238564,0.669232
8,84.769,high,high,false,264.075,=H649+ I649,1514238564,0.790782
8,84.748,high,high,false,264.197,=H650+ I650,1514238564,0.91272
8,84.727,high,high,false,264.318,=H651+ I651,1514238565,0.0341716
8,84.706,high,high,false,264.44,=H652+ I652,1514238565,0.156541
8,84.685,high,high,false,264.562,=H653+ I653,1514238565,0.278443
8,84.664,high,high,false,264.687,=H654+ I654,1514238565,0.402794
8,84.643,high,high,false,264.809,=H655+ I655,1514238565,0.52472
8,84.622,high,high,false,264.93,=H656+ I656,1514238565,0.646182
8,84.601,high,high,false,265.052,=H657+ I657,1514238565,0.768252
8,84.58,high,high,false,265.174,=H658+ I658,1514238565,0.890164
8,84.559,high,high,false,265.295,=H659+ I659,1514238566,0.011529
8,84.538,high,high,false,265.417,=H660+ I660,1514238566,0.133405
8,84.517,high,high,false,265.541,=H661+ I661,1514238566,0.257074
8,84.496,high,high,false,265.663,=H662+ I662,1514238566,0.379579
8,84.475,high,high,false,265.788,=H663+ I663,1514238566,0.504357
8,84.454,high,high,false,265.911,=H664+ I664,1514238566,0.627241
8,84.433,high,high,false,266.033,=H665+ I665,1514238566,0.749337
8,84.412,high,high,false,266.155,=H666+ I666,1514238566,0.871477
8,84.391,high,high,false,266.277,=H667+ I667,1514238566,0.993595
8,84.37,high,high,false,266.4,=H668+ I668,1514238567,0.115748
8,84.349,high,high,false,266.522,=H669+ I669,1514238567,0.237714
8,84.328,high,high,false,266.644,=H670+ I670,1514238567,0.359722
8,84.307,high,high,false,266.765,=H671+ I671,1514238567,0.481381
8,84.286,high,high,false,266.888,=H672+ I672,1514238567,0.603751
8,84.265,high,high,false,267.015,=H673+ I673,1514238567,0.731585
8,84.244,high,high,false,267.137,=H674+ I674,1514238567,0.853447
8,84.223,high,high,false,267.259,=H675+ I675,1514238567,0.97517
8,84.202,high,high,false,267.381,=H676+ I676,1514238568,0.0968451
8,84.181,high,high,false,267.503,=H677+ I677,1514238568,0.218728
8,84.16,high,high,false,267.624,=H678+ I678,1514238568,0.340585
8,84.139,high,high,false,267.749,=H679+ I679,1514238568,0.464904
8,84.118,high,high,false,267.874,=H680+ I680,1514238568,0.589946
8,84.097,high,high,false,267.995,=H681+ I681,1514238568,0.711528
8,84.076,high,high,false,268.117,=H682+ I682,1514238568,0.833119
8,84.055,high,high,false,268.239,=H683+ I683,1514238568,0.954697
8,84.034,high,moderate,false,268.361,=H684+ I684,1514238569,0.0767089
8,84.013,high,high,false,268.483,=H685+ I685,1514238569,0.198668
8,83.992,high,moderate,false,268.604,=H686+ I686,1514238569,0.320155
8,83.961,moderate,moderate,true,268.726,=H687+ I687,1514238569,0.442191
8,83.936,moderate,moderate,false,269.341,=H688+ I688,1514238570,0.0574854
8,83.911,moderate,moderate,false,269.952,=H689+ I689,1514238570,0.667654
8,83.886,moderate,moderate,false,270.56,=H690+ I690,1514238571,0.276597
8,83.861,moderate,moderate,false,271.173,=H691+ I691,1514238571,0.889111
8,83.836,moderate,moderate,false,271.781,=H692+ I692,1514238572,0.49753
8,83.811,moderate,moderate,false,272.389,=H693+ I693,1514238573,0.105066
8,83.786,moderate,moderate,false,272.995,=H694+ I694,1514238573,0.711121
8,83.761,moderate,moderate,false,273.609,=H695+ I695,1514238574,0.324626
8,83.736,moderate,moderate,false,274.217,=H696+ I696,1514238574,0.933305
8,83.711,moderate,moderate,false,274.832,=H697+ I697,1514238575,0.547673
8,83.686,moderate,moderate,false,275.442,=H698+ I698,1514238576,0.158179
8,83.661,moderate,moderate,false,276.053,=H699+ I699,1514238576,0.768813
8,83.636,moderate,moderate,false,276.671,=H700+ I700,1514238577,0.386704
8,83.611,moderate,moderate,false,277.284,=H701+ I701,1514238577,0.999679
8,83.586,moderate,moderate,false,277.893,=H702+ I702,1514238578,0.609354
8,83.561,moderate,moderate,false,278.508,=H703+ I703,1514238579,0.224127
8,83.536,moderate,moderate,false,279.124,=H704+ I704,1514238579,0.839897
8,83.511,moderate,high,false,279.742,=H705+ I705,1514238580,0.458088
8,83.486,moderate,high,false,280.357,=H706+ I706,1514238581,0.0734265
8,83.461,moderate,low,false,280.969,=H707+ I707,1514238581,0.68485
8,83.436,moderate,moderate,false,281.583,=H708+ I708,1514238582,0.29941
8,83.411,moderate,moderate,false,282.198,=H709+ I709,1514238582,0.913691
8,83.386,moderate,high,false,282.815,=H710+ I710,1514238583,0.530622
8,83.361,moderate,low,false,283.428,=H711+ I711,1514238584,0.143733
8,83.336,moderate,low,false,284.04,=H712+ I712,1514238584,0.756402
8,83.311,moderate,moderate,false,284.658,=H713+ I713,1514238585,0.374178
8,83.286,moderate,high,false,285.269,=H714+ I714,1514238585,0.985259
8,83.261,moderate,high,false,285.884,=H715+ I715,1514238586,0.599783
8,83.236,moderate,low,false,286.501,=H716+ I716,1514238587,0.216792
8,83.201,high,high,true,287.113,=H717+ I717,1514238587,0.828935
8,83.18,high,high,false,287.238,=H718+ I718,1514238587,0.954415
8,83.159,high,high,false,287.36,=H719+ I719,1514238588,0.0759847
8,83.138,high,high,false,287.482,=H720+ I720,1514238588,0.198009
8,83.117,high,high,false,287.604,=H721+ I721,1514238588,0.319999
8,83.096,high,high,false,287.726,=H722+ I722,1514238588,0.442329
8,83.075,high,high,false,287.848,=H723+ I723,1514238588,0.563673
8,83.054,high,high,false,287.97,=H724+ I724,1514238588,0.685841
8,83.033,high,high,false,288.092,=H725+ I725,1514238588,0.808354
8,83.012,high,high,false,288.214,=H726+ I726,1514238588,0.929937
8,82.991,high,high,false,288.336,=H727+ I727,1514238589,0.0523206
8,82.97,high,high,false,288.462,=H728+ I728,1514238589,0.178201
8,82.949,high,high,false,288.587,=H729+ I729,1514238589,0.303272
8,82.928,high,high,false,288.71,=H730+ I730,1514238589,0.426331
8,82.907,high,high,false,288.832,=H731+ I731,1514238589,0.548018
8,82.886,high,high,false,288.956,=H732+ I732,1514238589,0.671969
8,82.865,high,high,false,289.078,=H733+ I733,1514238589,0.794326
8,82.844,high,high,false,289.201,=H734+ I734,1514238589,0.916869
8,82.823,high,high,false,289.326,=H735+ I735,1514238590,0.0419504
8,82.802,high,high,false,289.452,=H736+ I736,1514238590,0.167787
8,82.781,high,high,false,289.575,=H737+ I737,1514238590,0.291106
8,82.76,high,high,false,289.7,=H738+ I738,1514238590,0.415695
8,82.739,high,high,false,289.822,=H739+ I739,1514238590,0.537996
8,82.718,high,high,false,289.944,=H740+ I740,1514238590,0.660456
8,82.697,high,high,false,290.067,=H741+ I741,1514238590,0.783325
8,82.676,high,high,false,290.19,=H742+ I742,1514238590,0.90624
8,82.655,high,high,false,290.312,=H743+ I743,1514238591,0.0280787
8,82.634,high,high,false,290.435,=H744+ I744,1514238591,0.150674
8,82.613,high,high,false,290.559,=H745+ I745,1514238591,0.275558
8,82.592,high,high,false,290.682,=H746+ I746,1514238591,0.397631
8,82.571,high,high,false,290.803,=H747+ I747,1514238591,0.519176
8,82.55,high,high,false,290.925,=H748+ I748,1514238591,0.641491
8,82.529,high,high,false,291.048,=H749+ I749,1514238591,0.763798
8,82.508,high,high,false,291.17,=H750+ I750,1514238591,0.885931
8,82.487,high,high,false,291.292,=H751+ I751,1514238592,0.00815115
8,82.466,high,high,false,291.414,=H752+ I752,1514238592,0.129871
8,82.445,high,high,false,291.536,=H753+ I753,1514238592,0.25221
8,82.424,high,high,false,291.659,=H754+ I754,1514238592,0.375307
8,82.403,high,high,false,291.782,=H755+ I755,1514238592,0.497825
8,82.382,high,high,false,291.904,=H756+ I756,1514238592,0.620494
8,82.361,high,high,false,292.027,=H757+ I757,1514238592,0.742886
8,82.34,high,high,false,292.15,=H758+ I758,1514238592,0.865611
8,82.319,high,high,false,292.272,=H759+ I759,1514238592,0.987842
8,82.298,high,high,false,292.397,=H760+ I760,1514238593,0.113329
8,82.277,high,high,false,292.519,=H761+ I761,1514238593,0.23551
8,82.256,high,high,false,292.641,=H762+ I762,1514238593,0.356981
8,82.235,high,high,false,292.763,=H763+ I763,1514238593,0.479078
8,82.214,high,high,false,292.887,=H764+ I764,1514238593,0.602879
8,82.193,high,high,false,293.01,=H765+ I765,1514238593,0.725955
8,82.172,high,high,false,293.134,=H766+ I766,1514238593,0.85032
8,82.151,high,high,false,293.257,=H767+ I767,1514238593,0.973067
8,82.13,high,high,false,293.379,=H768+ I768,1514238594,0.0954705
8,82.109,high,high,false,293.501,=H769+ I769,1514238594,0.217513
8,82.088,high,high,false,293.624,=H770+ I770,1514238594,0.340481
8,82.067,high,high,false,293.747,=H771+ I771,1514238594,0.463078
8,82.046,high,high,false,293.869,=H772+ I772,1514238594,0.585049
8,82.025,high,high,false,293.991,=H773+ I773,1514238594,0.706852
8,82.004,high,high,false,294.112,=H774+ I774,1514238594,0.82848
8,81.983,high,high,false,294.235,=H775+ I775,1514238594,0.950902
8,81.962,high,high,false,294.357,=H776+ I776,1514238595,0.073296
8,81.941,high,high,false,294.479,=H777+ I777,1514238595,0.195597
8,81.92,high,high,false,294.601,=H778+ I778,1514238595,0.31732
8,81.899,high,high,false,294.724,=H779+ I779,1514238595,0.439653
8,81.878,high,high,false,294.846,=H780+ I780,1514238595,0.561989
8,81.857,high,high,false,294.968,=H781+ I781,1514238595,0.684212
8,81.836,high,high,false,295.09,=H782+ I782,1514238595,0.806007
8,81.815,high,high,false,295.211,=H783+ I783,1514238595,0.927527
8,81.794,high,high,false,295.333,=H784+ I784,1514238596,0.0495778
8,81.773,high,high,false,295.456,=H785+ I785,1514238596,0.171946
8,81.752,high,high,false,295.578,=H786+ I786,1514238596,0.293799
8,81.731,high,high,false,295.699,=H787+ I787,1514238596,0.415568
8,81.71,high,high,false,295.821,=H788+ I788,1514238596,0.537449
8,81.689,high,high,false,295.943,=H789+ I789,1514238596,0.659541
8,81.668,high,high,false,296.066,=H790+ I790,1514238596,0.782281
8,81.647,high,high,false,296.188,=H791+ I791,1514238596,0.904457
8,81.626,high,high,false,296.31,=H792+ I792,1514238597,0.0264346
8,81.605,high,high,false,296.432,=H793+ I793,1514238597,0.148105
8,81.584,high,high,false,296.555,=H794+ I794,1514238597,0.270723
8,81.563,high,high,false,296.677,=H795+ I795,1514238597,0.393596
8,81.542,high,high,false,296.801,=H796+ I796,1514238597,0.516949
8,81.521,high,high,false,296.924,=H797+ I797,1514238597,0.64039
8,81.5,high,high,false,297.049,=H798+ I798,1514238597,0.765284
8,81.479,high,high,false,297.172,=H799+ I799,1514238597,0.888152
8,81.458,high,moderate,false,297.295,=H800+ I800,1514238598,0.0106815
8,81.437,high,moderate,false,297.416,=H801+ I801,1514238598,0.132543
8,81.406,moderate,moderate,true,297.538,=H802+ I802,1514238598,0.254411
8,81.381,moderate,moderate,false,298.158,=H803+ I803,1514238598,0.874353
8,81.356,moderate,moderate,false,298.779,=H804+ I804,1514238599,0.494793
8,81.331,moderate,moderate,false,299.402,=H805+ I805,1514238600,0.118319
8,81.306,moderate,moderate,false,300.02,=H806+ I806,1514238600,0.735705
8,81.281,moderate,moderate,false,300.64,=H807+ I807,1514238601,0.356223
8,81.256,moderate,moderate,false,301.253,=H808+ I808,1514238601,0.969028
8,81.231,moderate,moderate,false,301.873,=H809+ I809,1514238602,0.588716
8,81.206,moderate,moderate,false,302.486,=H810+ I810,1514238603,0.201974
8,81.181,moderate,moderate,false,303.099,=H811+ I811,1514238603,0.81485
8,81.156,moderate,moderate,false,303.709,=H812+ I812,1514238604,0.425444
8,81.131,moderate,moderate,false,304.324,=H813+ I813,1514238605,0.0400485
8,81.106,moderate,moderate,false,304.939,=H814+ I814,1514238605,0.655225
8,81.081,moderate,moderate,false,305.553,=H815+ I815,1514238606,0.26921
8,81.056,moderate,moderate,false,306.165,=H816+ I816,1514238606,0.881146
8,81.031,moderate,moderate,false,306.781,=H817+ I817,1514238607,0.497436
8,81.006,moderate,moderate,false,307.399,=H818+ I818,1514238608,0.114891
8,80.981,moderate,moderate,false,308.013,=H819+ I819,1514238608,0.72961
8,80.956,moderate,high,false,308.625,=H820+ I820,1514238609,0.341097
8,80.931,moderate,low,false,309.241,=H821+ I821,1514238609,0.957314
8,80.906,moderate,high,false,309.854,=H822+ I822,1514238610,0.570571
8,80.871,high,high,true,310.47,=H823+ I823,1514238611,0.186405
8,80.85,high,high,false,310.596,=H824+ I824,1514238611,0.311859
8,80.829,high,high,false,310.718,=H825+ I825,1514238611,0.433838
8,80.808,high,high,false,310.84,=H826+ I826,1514238611,0.555897
8,80.787,high,high,false,310.962,=H827+ I827,1514238611,0.677619
8,80.766,high,high,false,311.084,=H828+ I828,1514238611,0.80036
8,80.745,high,high,false,311.205,=H829+ I829,1514238611,0.921338
8,80.724,high,high,false,311.328,=H830+ I830,1514238612,0.0441281
8,80.703,high,high,false,311.451,=H831+ I831,1514238612,0.166641
8,80.682,high,high,false,311.573,=H832+ I832,1514238612,0.289002
8,80.661,high,high,false,311.696,=H833+ I833,1514238612,0.411672
8,80.64,high,high,false,311.818,=H834+ I834,1514238612,0.533774
8,80.619,high,high,false,311.94,=H835+ I835,1514238612,0.656287
8,80.598,high,high,false,312.065,=H836+ I836,1514238612,0.780759
8,80.577,high,high,false,312.186,=H837+ I837,1514238612,0.901915
8,80.556,high,high,false,312.308,=H838+ I838,1514238613,0.0241334
8,80.535,high,high,false,312.43,=H839+ I839,1514238613,0.145692
8,80.514,high,high,false,312.552,=H840+ I840,1514238613,0.267685
8,80.493,high,high,false,312.674,=H841+ I841,1514238613,0.389695
8,80.472,high,high,false,312.796,=H842+ I842,1514238613,0.512254
8,80.451,high,high,false,312.918,=H843+ I843,1514238613,0.634216
8,80.43,high,high,false,313.041,=H844+ I844,1514238613,0.756738
8,80.409,high,high,false,313.163,=H845+ I845,1514238613,0.879005
8,80.388,high,high,false,313.285,=H846+ I846,1514238614,0.000930331
8,80.367,high,high,false,313.407,=H847+ I847,1514238614,0.123301
8,80.346,high,high,false,313.53,=H848+ I848,1514238614,0.246029
8,80.325,high,high,false,313.652,=H849+ I849,1514238614,0.368116
8,80.304,high,high,false,313.773,=H850+ I850,1514238614,0.489304
8,80.283,high,high,false,313.895,=H851+ I851,1514238614,0.611189
8,80.262,high,high,false,314.018,=H852+ I852,1514238614,0.733917
8,80.241,high,high,false,314.141,=H853+ I853,1514238614,0.85742
8,80.22,high,high,false,314.264,=H854+ I854,1514238614,0.979838
8,80.199,high,high,false,314.386,=H855+ I855,1514238615,0.101774
8,80.178,high,high,false,314.508,=H856+ I856,1514238615,0.223933
8,80.157,high,high,false,314.632,=H857+ I857,1514238615,0.348515
8,80.136,high,high,false,314.755,=H858+ I858,1514238615,0.470956
8,80.115,high,high,false,314.877,=H859+ I859,1514238615,0.5932
8,80.094,high,high,false,314.999,=H860+ I860,1514238615,0.715255
8,80.073,high,high,false,315.121,=H861+ I861,1514238615,0.837115
8,80.052,high,high,false,315.245,=H862+ I862,1514238615,0.960779
8,80.031,high,high,false,315.367,=H863+ I863,1514238616,0.0832316
8,80.01,high,high,false,315.495,=H864+ I864,1514238616,0.210819
8,79.989,high,high,false,315.619,=H865+ I865,1514238616,0.334665
8,79.968,high,high,false,315.741,=H866+ I866,1514238616,0.457169
8,79.947,high,high,false,315.863,=H867+ I867,1514238616,0.579404
8,79.926,high,high,false,315.986,=H868+ I868,1514238616,0.701701
8,79.905,high,high,false,316.108,=H869+ I869,1514238616,0.823702
8,79.884,high,high,false,316.229,=H870+ I870,1514238616,0.945124
8,79.863,high,high,false,316.351,=H871+ I871,1514238617,0.0670826
8,79.842,high,high,false,316.476,=H872+ I872,1514238617,0.192222
8,79.821,high,high,false,316.598,=H873+ I873,1514238617,0.314546
8,79.8,high,high,false,316.721,=H874+ I874,1514238617,0.437364
8,79.779,high,high,false,316.845,=H875+ I875,1514238617,0.56069
8,79.758,high,high,false,316.97,=H876+ I876,1514238617,0.68591
8,79.737,high,high,false,317.093,=H877+ I877,1514238617,0.808697
8,79.716,high,high,false,317.215,=H878+ I878,1514238617,0.931127
8,79.695,high,high,false,317.338,=H879+ I879,1514238618,0.0541088
8,79.674,high,high,false,317.46,=H880+ I880,1514238618,0.17648
8,79.653,high,high,false,317.583,=H881+ I881,1514238618,0.29936
8,79.632,high,high,false,317.708,=H882+ I882,1514238618,0.42435
8,79.611,high,high,false,317.833,=H883+ I883,1514238618,0.548916
8,79.59,high,high,false,317.955,=H884+ I884,1514238618,0.671171
8,79.569,high,high,false,318.077,=H885+ I885,1514238618,0.793157
8,79.548,high,high,false,318.199,=H886+ I886,1514238618,0.915285
8,79.527,high,high,false,318.321,=H887+ I887,1514238619,0.0373619
8,79.506,high,high,false,318.444,=H888+ I888,1514238619,0.160323
8,79.485,high,high,false,318.567,=H889+ I889,1514238619,0.282655
8,79.464,high,high,false,318.689,=H890+ I890,1514238619,0.404761
8,79.443,high,high,false,318.811,=H891+ I891,1514238619,0.527071
8,79.422,high,high,false,318.934,=H892+ I892,1514238619,0.649671
8,79.401,high,high,false,319.056,=H893+ I893,1514238619,0.771791
8,79.38,high,high,false,319.178,=H894+ I894,1514238619,0.893614
8,79.359,high,high,false,319.3,=H895+ I895,1514238620,0.0157032
8,79.338,high,high,false,319.421,=H896+ I896,1514238620,0.137384
8,79.317,high,high,false,319.543,=H897+ I897,1514238620,0.259558
8,79.296,high,high,false,319.666,=H898+ I898,1514238620,0.381944
8,79.275,high,high,false,319.789,=H899+ I899,1514238620,0.504958
8,79.254,high,high,false,319.914,=H900+ I900,1514238620,0.630415
8,79.233,high,high,false,320.038,=H901+ I901,1514238620,0.753925
8,79.212,high,high,false,320.16,=H902+ I902,1514238620,0.876055
8,79.191,high,high,false,320.282,=H903+ I903,1514238620,0.997879
8,79.17,high,high,false,320.404,=H904+ I904,1514238621,0.119711
8,79.149,high,high,false,320.527,=H905+ I905,1514238621,0.243045
8,79.128,high,low,false,320.652,=H906+ I906,1514238621,0.368202
8,79.107,high,high,false,320.774,=H907+ I907,1514238621,0.490487
8,79.086,high,moderate,false,320.896,=H908+ I908,1514238621,0.612576
8,79.065,high,moderate,false,321.019,=H909+ I909,1514238621,0.734838
8,79.044,high,low,false,321.141,=H910+ I910,1514238621,0.856963
8,79.023,high,high,false,321.263,=H911+ I911,1514238621,0.979243
8,78.992,moderate,moderate,true,321.385,=H912+ I912,1514238622,0.101127
8,78.967,moderate,moderate,false,322.002,=H913+ I913,1514238622,0.718294
8,78.942,moderate,moderate,false,322.611,=H914+ I914,1514238623,0.327408
8,78.917,moderate,moderate,false,323.221,=H915+ I915,1514238623,0.936727
8,78.892,moderate,moderate,false,323.83,=H916+ I916,1514238624,0.54588
8,78.867,moderate,moderate,false,324.44,=H917+ I917,1514238625,0.156554
8,78.842,moderate,moderate,false,325.052,=H918+ I918,1514238625,0.768325
8,78.817,moderate,moderate,false,325.662,=H919+ I919,1514238626,0.378543
8,78.792,moderate,moderate,false,326.273,=H920+ I920,1514238626,0.988942
8,78.767,moderate,moderate,false,326.886,=H921+ I921,1514238627,0.602359
8,78.742,moderate,moderate,false,327.508,=H922+ I922,1514238628,0.224222
8,78.717,moderate,moderate,false,328.13,=H923+ I923,1514238628,0.846066
8,78.692,moderate,moderate,false,328.75,=H924+ I924,1514238629,0.466072
8,78.667,moderate,moderate,false,329.383,=H925+ I925,1514238630,0.0991061
8,78.642,moderate,moderate,false,330.016,=H926+ I926,1514238630,0.73162
8,78.617,moderate,moderate,false,330.639,=H927+ I927,1514238631,0.355178
8,78.592,moderate,moderate,false,331.261,=H928+ I928,1514238631,0.977003
8,78.567,moderate,moderate,false,331.882,=H929+ I929,1514238632,0.598529
8,78.542,moderate,moderate,false,332.51,=H930+ I930,1514238633,0.225679
8,78.517,moderate,high,false,333.122,=H931+ I931,1514238633,0.838415
8,78.492,moderate,low,false,333.735,=H932+ I932,1514238634,0.450857
8,78.467,moderate,low,false,334.35,=H933+ I933,1514238635,0.0661033
8,78.442,moderate,high,false,334.964,=H934+ I934,1514238635,0.680473
8,78.407,high,high,true,335.578,=H935+ I935,1514238636,0.293665
8,78.386,high,high,false,335.702,=H936+ I936,1514238636,0.418109
8,78.365,high,high,false,335.825,=H937+ I937,1514238636,0.541557
8,78.344,high,high,false,335.949,=H938+ I938,1514238636,0.665109
8,78.323,high,high,false,336.072,=H939+ I939,1514238636,0.787997
8,78.302,high,high,false,336.194,=H940+ I940,1514238636,0.909661
8,78.281,high,high,false,336.316,=H941+ I941,1514238637,0.0318295
8,78.26,high,high,false,336.438,=H942+ I942,1514238637,0.153648
8,78.239,high,high,false,336.559,=H943+ I943,1514238637,0.275603
8,78.218,high,high,false,336.682,=H944+ I944,1514238637,0.398216
8,78.197,high,high,false,336.805,=H945+ I945,1514238637,0.520748
8,78.176,high,high,false,336.926,=H946+ I946,1514238637,0.64259
8,78.155,high,high,false,337.049,=H947+ I947,1514238637,0.76515
8,78.134,high,high,false,337.172,=H948+ I948,1514238637,0.888024
8,78.113,high,high,false,337.295,=H949+ I949,1514238638,0.0107374
8,78.092,high,high,false,337.417,=H950+ I950,1514238638,0.133435
8,78.071,high,high,false,337.54,=H951+ I951,1514238638,0.255643
8,78.05,high,high,false,337.662,=H952+ I952,1514238638,0.378331
8,78.029,high,high,false,337.784,=H953+ I953,1514238638,0.499719
8,78.008,high,high,false,337.907,=H954+ I954,1514238638,0.622745
8,77.987,high,high,false,338.029,=H955+ I955,1514238638,0.745074
8,77.966,high,high,false,338.151,=H956+ I956,1514238638,0.86744
8,77.945,high,high,false,338.276,=H957+ I957,1514238638,0.991924
8,77.924,high,high,false,338.399,=H958+ I958,1514238639,0.114895
8,77.903,high,high,false,338.521,=H959+ I959,1514238639,0.237027
8,77.882,high,high,false,338.643,=H960+ I960,1514238639,0.359484
8,77.861,high,high,false,338.769,=H961+ I961,1514238639,0.484911
8,77.84,high,high,false,338.892,=H962+ I962,1514238639,0.608081
8,77.819,high,high,false,339.015,=H963+ I963,1514238639,0.73117
8,77.798,high,high,false,339.138,=H964+ I964,1514238639,0.853979
8,77.777,high,high,false,339.26,=H965+ I965,1514238639,0.975861
8,77.756,high,high,false,339.382,=H966+ I966,1514238640,0.098512
8,77.735,high,high,false,339.505,=H967+ I967,1514238640,0.221169
8,77.714,high,high,false,339.629,=H968+ I968,1514238640,0.345547
8,77.693,high,high,false,339.751,=H969+ I969,1514238640,0.467064
8,77.672,high,high,false,339.872,=H970+ I970,1514238640,0.588532
8,77.651,high,high,false,339.994,=H971+ I971,1514238640,0.709887
8,77.63,high,high,false,340.116,=H972+ I972,1514238640,0.831671
8,77.609,high,high,false,340.237,=H973+ I973,1514238640,0.953221
8,77.588,high,high,false,340.36,=H974+ I974,1514238641,0.0761014
8,77.567,high,high,false,340.485,=H975+ I975,1514238641,0.201016
8,77.546,high,high,false,340.607,=H976+ I976,1514238641,0.322955
8,77.525,high,high,false,340.73,=H977+ I977,1514238641,0.44604
8,77.504,high,high,false,340.852,=H978+ I978,1514238641,0.56803
8,77.483,high,high,false,340.974,=H979+ I979,1514238641,0.690288
8,77.462,high,high,false,341.096,=H980+ I980,1514238641,0.812544
8,77.441,high,high,false,341.219,=H981+ I981,1514238641,0.934679
8,77.42,high,high,false,341.341,=H982+ I982,1514238642,0.057048
8,77.399,high,high,false,341.468,=H983+ I983,1514238642,0.184134
8,77.378,high,high,false,341.59,=H984+ I984,1514238642,0.306574
8,77.357,high,high,false,341.712,=H985+ I985,1514238642,0.428161
8,77.336,high,high,false,341.833,=H986+ I986,1514238642,0.549375
8,77.315,high,high,false,341.956,=H987+ I987,1514238642,0.671745
8,77.294,high,high,false,342.077,=H988+ I988,1514238642,0.79337
8,77.273,high,high,false,342.201,=H989+ I989,1514238642,0.916667
8,77.252,high,high,false,342.324,=H990+ I990,1514238643,0.0404788
8,77.231,high,high,false,342.446,=H991+ I991,1514238643,0.162179
8,77.21,high,high,false,342.569,=H992+ I992,1514238643,0.285006
8,77.189,high,high,false,342.694,=H993+ I993,1514238643,0.409893
8,77.168,high,high,false,342.817,=H994+ I994,1514238643,0.532681
8,77.147,high,high,false,342.938,=H995+ I995,1514238643,0.654182
8,77.126,high,high,false,343.06,=H996+ I996,1514238643,0.776148
8,77.105,high,high,false,343.183,=H997+ I997,1514238643,0.899056
8,77.084,high,high,false,343.305,=H998+ I998,1514238644,0.0209214
8,77.063,high,high,false,343.428,=H999+ I999,1514238644,0.144317
8,77.042,high,high,false,343.554,=H1000+ I1000,1514238644,0.26969
8,77.021,high,high,false,343.675,=H1001+ I1001,1514238644,0.391579
8,77,high,high,false,343.798,=H1002+ I1002,1514238644,0.514085
8,76.979,high,high,false,343.923,=H1003+ I1003,1514238644,0.638738
8,76.958,high,high,false,344.048,=H1004+ I1004,1514238644,0.763987
8,76.937,high,high,false,344.171,=H1005+ I1005,1514238644,0.887098
8,76.916,high,high,false,344.294,=H1006+ I1006,1514238645,0.0103139
8,76.895,high,high,false,344.417,=H1007+ I1007,1514238645,0.13307
8,76.874,high,high,false,344.539,=H1008+ I1008,1514238645,0.255386
8,76.853,high,high,false,344.662,=H1009+ I1009,1514238645,0.378307
8,76.832,high,high,false,344.785,=H1010+ I1010,1514238645,0.500885
8,76.811,high,high,false,344.907,=H1011+ I1011,1514238645,0.623121
8,76.79,high,high,false,345.029,=H1012+ I1012,1514238645,0.745017
8,76.769,high,high,false,345.151,=H1013+ I1013,1514238645,0.866665
8,76.748,high,high,false,345.276,=H1014+ I1014,1514238645,0.992075
8,76.727,high,high,false,345.399,=H1015+ I1015,1514238646,0.115443
8,76.706,high,high,false,345.524,=H1016+ I1016,1514238646,0.24027
8,76.685,high,high,false,345.649,=H1017+ I1017,1514238646,0.365422
8,76.664,high,low,false,345.772,=H1018+ I1018,1514238646,0.488092
8,76.643,high,high,false,345.895,=H1019+ I1019,1514238646,0.610781
8,76.622,high,low,false,346.019,=H1020+ I1020,1514238646,0.735526
8,76.601,high,high,false,346.142,=H1021+ I1021,1514238646,0.858421
8,76.58,high,moderate,false,346.265,=H1022+ I1022,1514238646,0.981433
8,76.559,high,moderate,false,346.388,=H1023+ I1023,1514238647,0.104262
8,76.528,moderate,moderate,true,346.511,=H1024+ I1024,1514238647,0.227082
8,76.503,moderate,moderate,false,347.123,=H1025+ I1025,1514238647,0.839303
8,76.478,moderate,moderate,false,347.733,=H1026+ I1026,1514238648,0.44958
8,76.453,moderate,moderate,false,348.344,=H1027+ I1027,1514238649,0.0597196
8,76.428,moderate,moderate,false,348.962,=H1028+ I1028,1514238649,0.678287
8,76.403,moderate,moderate,false,349.578,=H1029+ I1029,1514238650,0.29444
8,76.378,moderate,moderate,false,350.195,=H1030+ I1030,1514238650,0.910874
8,76.353,moderate,moderate,false,350.808,=H1031+ I1031,1514238651,0.524046
8,76.328,moderate,moderate,false,351.419,=H1032+ I1032,1514238652,0.134978
8,76.303,moderate,moderate,false,352.032,=H1033+ I1033,1514238652,0.747691
8,76.278,moderate,moderate,false,352.646,=H1034+ I1034,1514238653,0.362473
8,76.253,moderate,moderate,false,353.267,=H1035+ I1035,1514238653,0.982941
8,76.228,moderate,moderate,false,353.89,=H1036+ I1036,1514238654,0.605739
8,76.203,moderate,moderate,false,354.509,=H1037+ I1037,1514238655,0.225582
8,76.178,moderate,moderate,false,355.131,=H1038+ I1038,1514238655,0.847473
8,76.153,moderate,moderate,false,355.743,=H1039+ I1039,1514238656,0.459234
8,76.128,moderate,moderate,false,356.355,=H1040+ I1040,1514238657,0.0714401
8,76.103,moderate,moderate,false,356.967,=H1041+ I1041,1514238657,0.682935
8,76.078,moderate,moderate,false,357.581,=H1042+ I1042,1514238658,0.297045
8,76.053,moderate,low,false,358.194,=H1043+ I1043,1514238658,0.91029
8,76.028,moderate,high,false,358.806,=H1044+ I1044,1514238659,0.52243
8,76.003,moderate,moderate,false,359.425,=H1045+ I1045,1514238660,0.141225
8,75.978,moderate,moderate,false,360.052,=H1046+ I1046,1514238660,0.768058
8,75.953,moderate,high,false,360.664,=H1047+ I1047,1514238661,0.379896
8,75.928,moderate,moderate,false,361.278,=H1048+ I1048,1514238661,0.994282
8,75.903,moderate,low,false,361.89,=H1049+ I1049,1514238662,0.605936
8,75.878,moderate,low,false,362.509,=H1050+ I1050,1514238663,0.225538
8,75.843,low,low,true,363.124,=H1051+ I1051,1514238663,0.840493
8,75.813,low,low,false,364.357,=H1052+ I1052,1514238665,0.073432
8,75.783,low,low,false,365.587,=H1053+ I1053,1514238666,0.302872
8,75.753,low,low,false,366.811,=H1054+ I1054,1514238667,0.527507
8,75.723,low,low,false,368.036,=H1055+ I1055,1514238668,0.752126
8,75.693,low,low,false,369.267,=H1056+ I1056,1514238669,0.982829
8,75.663,low,low,false,370.494,=H1057+ I1057,1514238671,0.209905
8,75.633,low,low,false,371.725,=H1058+ I1058,1514238672,0.440847
8,75.603,low,low,false,372.959,=H1059+ I1059,1514238673,0.674976
8,75.573,low,low,false,374.188,=H1060+ I1060,1514238674,0.904411
8,75.543,low,moderate,false,375.415,=H1061+ I1061,1514238676,0.131317
8,75.513,low,low,false,376.639,=H1062+ I1062,1514238677,0.354618
8,75.483,low,low,false,377.862,=H1063+ I1063,1514238678,0.577781
8,75.453,low,moderate,false,379.083,=H1064+ I1064,1514238679,0.799442
8,75.423,low,high,false,380.304,=H1065+ I1065,1514238681,0.020371
8,75.393,low,low,false,381.525,=H1066+ I1066,1514238682,0.241522
8,75.363,low,low,false,382.754,=H1067+ I1067,1514238683,0.470324
8,75.333,low,high,false,383.985,=H1068+ I1068,1514238684,0.700869
8,75.303,low,low,false,385.206,=H1069+ I1069,1514238685,0.922509
8,75.273,low,high,false,386.433,=H1070+ I1070,1514238687,0.149464
8,75.233,high,high,true,387.666,=H1071+ I1071,1514238688,0.382392
8,75.212,high,high,false,387.793,=H1072+ I1072,1514238688,0.508821
8,75.191,high,high,false,387.915,=H1073+ I1073,1514238688,0.631577
8,75.17,high,high,false,388.039,=H1074+ I1074,1514238688,0.755088
8,75.149,high,high,false,388.161,=H1075+ I1075,1514238688,0.877046
8,75.128,high,high,false,388.285,=H1076+ I1076,1514238689,0.000652689
8,75.107,high,high,false,388.406,=H1077+ I1077,1514238689,0.122573
8,75.086,high,high,false,388.528,=H1078+ I1078,1514238689,0.244476
8,75.065,high,high,false,388.654,=H1079+ I1079,1514238689,0.37003
8,75.044,high,high,false,388.777,=H1080+ I1080,1514238689,0.492818
8,75.023,high,high,false,388.899,=H1081+ I1081,1514238689,0.615222
8,75.002,high,high,false,389.023,=H1082+ I1082,1514238689,0.739083
8,74.981,high,high,false,389.145,=H1083+ I1083,1514238689,0.861552
8,74.96,high,high,false,389.269,=H1084+ I1084,1514238689,0.984909
8,74.939,high,high,false,389.392,=H1085+ I1085,1514238690,0.107748
8,74.918,high,high,false,389.514,=H1086+ I1086,1514238690,0.230055
8,74.897,high,high,false,389.637,=H1087+ I1087,1514238690,0.352805
8,74.876,high,high,false,389.759,=H1088+ I1088,1514238690,0.475035
8,74.855,high,high,false,389.882,=H1089+ I1089,1514238690,0.598395
8,74.834,high,high,false,390.004,=H1090+ I1090,1514238690,0.719742
8,74.813,high,high,false,390.126,=H1091+ I1091,1514238690,0.84202
8,74.792,high,high,false,390.248,=H1092+ I1092,1514238690,0.964392
8,74.771,high,high,false,390.371,=H1093+ I1093,1514238691,0.0867073
8,74.75,high,high,false,390.493,=H1094+ I1094,1514238691,0.208914
8,74.729,high,high,false,390.616,=H1095+ I1095,1514238691,0.331938
8,74.708,high,high,false,390.742,=H1096+ I1096,1514238691,0.457618
8,74.687,high,high,false,390.867,=H1097+ I1097,1514238691,0.58304
8,74.666,high,high,false,390.992,=H1098+ I1098,1514238691,0.70789
8,74.645,high,high,false,391.114,=H1099+ I1099,1514238691,0.830518
8,74.624,high,high,false,391.24,=H1100+ I1100,1514238691,0.955844
8,74.603,high,high,false,391.363,=H1101+ I1101,1514238692,0.0786963
8,74.582,high,high,false,391.486,=H1102+ I1102,1514238692,0.201617
8,74.561,high,high,false,391.608,=H1103+ I1103,1514238692,0.323843
8,74.54,high,high,false,391.734,=H1104+ I1104,1514238692,0.450246
8,74.519,high,high,false,391.859,=H1105+ I1105,1514238692,0.575152
8,74.498,high,high,false,391.982,=H1106+ I1106,1514238692,0.697675
8,74.477,high,high,false,392.105,=H1107+ I1107,1514238692,0.82143
8,74.456,high,high,false,392.227,=H1108+ I1108,1514238692,0.943551
8,74.435,high,high,false,392.349,=H1109+ I1109,1514238693,0.0653899
8,74.414,high,high,false,392.472,=H1110+ I1110,1514238693,0.188329
8,74.393,high,high,false,392.595,=H1111+ I1111,1514238693,0.31062
8,74.372,high,high,false,392.717,=H1112+ I1112,1514238693,0.432828
8,74.351,high,high,false,392.84,=H1113+ I1113,1514238693,0.556309
8,74.33,high,high,false,392.963,=H1114+ I1114,1514238693,0.678684
8,74.309,high,high,false,393.088,=H1115+ I1115,1514238693,0.803904
8,74.288,high,high,false,393.211,=H1116+ I1116,1514238693,0.927228
8,74.267,high,high,false,393.334,=H1117+ I1117,1514238694,0.0498745
8,74.246,high,high,false,393.457,=H1118+ I1118,1514238694,0.173446
8,74.225,high,high,false,393.583,=H1119+ I1119,1514238694,0.299159
8,74.204,high,high,false,393.706,=H1120+ I1120,1514238694,0.422347
8,74.183,high,high,false,393.828,=H1121+ I1121,1514238694,0.544098
8,74.162,high,high,false,393.951,=H1122+ I1122,1514238694,0.667071
8,74.141,high,high,false,394.074,=H1123+ I1123,1514238694,0.790061
8,74.12,high,high,false,394.196,=H1124+ I1124,1514238694,0.912108
8,74.099,high,high,false,394.319,=H1125+ I1125,1514238695,0.0346985
8,74.078,high,high,false,394.443,=H1126+ I1126,1514238695,0.159197
8,74.057,high,high,false,394.565,=H1127+ I1127,1514238695,0.281264
8,74.036,high,high,false,394.687,=H1128+ I1128,1514238695,0.403502
8,74.015,high,high,false,394.81,=H1129+ I1129,1514238695,0.526528
8,73.994,high,high,false,394.933,=H1130+ I1130,1514238695,0.64914
8,73.973,high,high,false,395.055,=H1131+ I1131,1514238695,0.770841
8,73.952,high,high,false,395.178,=H1132+ I1132,1514238695,0.89364
8,73.931,high,high,false,395.3,=H1133+ I1133,1514238696,0.0156918
8,73.91,high,high,false,395.423,=H1134+ I1134,1514238696,0.138773
8,73.889,high,high,false,395.546,=H1135+ I1135,1514238696,0.262357
8,73.868,high,high,false,395.669,=H1136+ I1136,1514238696,0.384831
8,73.847,high,high,false,395.79,=H1137+ I1137,1514238696,0.506585
8,73.826,high,high,false,395.913,=H1138+ I1138,1514238696,0.629123
8,73.805,high,high,false,396.035,=H1139+ I1139,1514238696,0.751499
8,73.784,high,high,false,396.158,=H1140+ I1140,1514238696,0.874308
8,73.763,high,high,false,396.28,=H1141+ I1141,1514238696,0.996392
8,73.742,high,high,false,396.403,=H1142+ I1142,1514238697,0.118764
8,73.721,high,high,false,396.524,=H1143+ I1143,1514238697,0.240549
8,73.7,high,high,false,396.647,=H1144+ I1144,1514238697,0.363293
8,73.679,high,high,false,396.769,=H1145+ I1145,1514238697,0.485541
8,73.658,high,high,false,396.891,=H1146+ I1146,1514238697,0.607172
8,73.637,high,high,false,397.013,=H1147+ I1147,1514238697,0.729585
8,73.616,high,high,false,397.139,=H1148+ I1148,1514238697,0.855269
8,73.595,high,high,false,397.262,=H1149+ I1149,1514238697,0.977739
8,73.574,high,high,false,397.384,=H1150+ I1150,1514238698,0.100395
8,73.553,high,high,false,397.506,=H1151+ I1151,1514238698,0.222307
8,73.532,high,high,false,397.632,=H1152+ I1152,1514238698,0.347669
8,73.511,high,high,false,397.757,=H1153+ I1153,1514238698,0.473056
8,73.49,high,high,false,397.88,=H1154+ I1154,1514238698,0.59637
8,73.469,high,low,false,398.003,=H1155+ I1155,1514238698,0.719146
8,73.448,high,moderate,false,398.129,=H1156+ I1156,1514238698,0.845022
8,73.427,high,high,false,398.251,=H1157+ I1157,1514238698,0.966926
8,73.406,high,high,false,398.373,=H1158+ I1158,1514238699,0.0890159
8,73.385,high,high,false,398.496,=H1159+ I1159,1514238699,0.211698
8,73.364,high,low,false,398.618,=H1160+ I1160,1514238699,0.334234
8,73.343,high,low,false,398.74,=H1161+ I1161,1514238699,0.456002
8,73.322,high,high,false,398.863,=H1162+ I1162,1514238699,0.578827
8,73.291,low,low,true,398.985,=H1163+ I1163,1514238699,0.701591
8,73.261,low,low,false,400.211,=H1164+ I1164,1514238700,0.926786
8,73.231,low,low,false,401.437,=H1165+ I1165,1514238702,0.153577
8,73.201,low,low,false,402.664,=H1166+ I1166,1514238703,0.379689
8,73.171,low,low,false,403.891,=H1167+ I1167,1514238704,0.607529
8,73.141,low,low,false,405.119,=H1168+ I1168,1514238705,0.834896
8,73.111,low,low,false,406.348,=H1169+ I1169,1514238707,0.06446
8,73.081,low,low,false,407.577,=H1170+ I1170,1514238708,0.293089
8,73.051,low,low,false,408.8,=H1171+ I1171,1514238709,0.515665
8,73.021,low,low,false,410.026,=H1172+ I1172,1514238710,0.741624
8,72.991,low,low,false,411.249,=H1173+ I1173,1514238711,0.965577
8,72.961,low,low,false,412.477,=H1174+ I1174,1514238713,0.193052
8,72.931,low,moderate,false,413.703,=H1175+ I1175,1514238714,0.418868
8,72.901,low,high,false,414.929,=H1176+ I1176,1514238715,0.645168
8,72.871,low,moderate,false,416.153,=H1177+ I1177,1514238716,0.869373
8,72.841,low,high,false,417.378,=H1178+ I1178,1514238718,0.0941132
8,72.811,low,low,false,418.6,=H1179+ I1179,1514238719,0.316542
8,72.781,low,moderate,false,419.829,=H1180+ I1180,1514238720,0.545538
8,72.741,moderate,moderate,true,421.066,=H1181+ I1181,1514238721,0.782066
8,72.716,moderate,moderate,false,421.687,=H1182+ I1182,1514238722,0.402779
8,72.691,moderate,moderate,false,422.298,=H1183+ I1183,1514238723,0.0139664
8,72.666,moderate,moderate,false,422.913,=H1184+ I1184,1514238723,0.629207
8,72.641,moderate,moderate,false,423.528,=H1185+ I1185,1514238724,0.244559
8,72.616,moderate,moderate,false,424.141,=H1186+ I1186,1514238724,0.857475
8,72.591,moderate,moderate,false,424.753,=H1187+ I1187,1514238725,0.469226
8,72.566,moderate,moderate,false,425.37,=H1188+ I1188,1514238726,0.0858872
8,72.541,moderate,moderate,false,425.982,=H1189+ I1189,1514238726,0.697922
8,72.516,moderate,moderate,false,426.598,=H1190+ I1190,1514238727,0.314493
8,72.491,moderate,moderate,false,427.207,=H1191+ I1191,1514238727,0.923508
8,72.466,moderate,moderate,false,427.823,=H1192+ I1192,1514238728,0.539396
8,72.441,moderate,moderate,false,428.433,=H1193+ I1193,1514238729,0.148915
8,72.416,moderate,moderate,false,429.046,=H1194+ I1194,1514238729,0.762202
8,72.391,moderate,moderate,false,429.656,=H1195+ I1195,1514238730,0.372303
8,72.366,moderate,moderate,false,430.272,=H1196+ I1196,1514238730,0.987649
8,72.341,moderate,moderate,false,430.881,=H1197+ I1197,1514238731,0.597259
8,72.316,moderate,moderate,false,431.497,=H1198+ I1198,1514238732,0.21304
8,72.291,moderate,moderate,false,432.108,=H1199+ I1199,1514238732,0.82391
8,72.266,moderate,high,false,432.72,=H1200+ I1200,1514238733,0.43612
8,72.241,moderate,moderate,false,433.333,=H1201+ I1201,1514238734,0.0486847
8,72.216,moderate,low,false,433.95,=H1202+ I1202,1514238734,0.666346
8,72.191,moderate,high,false,434.57,=H1203+ I1203,1514238735,0.285857
8,72.166,moderate,moderate,false,435.18,=H1204+ I1204,1514238735,0.89626
8,72.141,moderate,high,false,435.789,=H1205+ I1205,1514238736,0.505131
8,72.116,moderate,moderate,false,436.402,=H1206+ I1206,1514238737,0.117779
8,72.091,moderate,low,false,437.011,=H1207+ I1207,1514238737,0.727345
8,72.066,moderate,high,false,437.623,=H1208+ I1208,1514238738,0.338855
8,72.041,moderate,low,false,438.233,=H1209+ I1209,1514238738,0.949357
8,72.016,moderate,moderate,false,438.848,=H1210+ I1210,1514238739,0.563658
8,71.981,low,low,true,439.458,=H1211+ I1211,1514238740,0.174122
8,71.951,low,low,false,440.681,=H1212+ I1212,1514238741,0.397122
8,71.921,low,low,false,441.904,=H1213+ I1213,1514238742,0.620263
8,71.891,low,low,false,443.125,=H1214+ I1214,1514238743,0.841093
8,71.861,low,low,false,444.353,=H1215+ I1215,1514238745,0.0687191
8,71.831,low,low,false,445.581,=H1216+ I1216,1514238746,0.296984
8,71.801,low,low,false,446.812,=H1217+ I1217,1514238747,0.528234
8,71.771,low,low,false,448.038,=H1218+ I1218,1514238748,0.754453
8,71.741,low,low,false,449.275,=H1219+ I1219,1514238749,0.991152
8,71.711,low,low,false,450.503,=H1220+ I1220,1514238751,0.218899
8,71.681,low,moderate,false,451.725,=H1221+ I1221,1514238752,0.441041
8,71.651,low,moderate,false,452.95,=H1222+ I1222,1514238753,0.665648
8,71.611,moderate,moderate,true,454.174,=H1223+ I1223,1514238754,0.890115
8,71.586,moderate,moderate,false,454.791,=H1224+ I1224,1514238755,0.507023
8,71.561,moderate,moderate,false,455.4,=H1225+ I1225,1514238756,0.115952
8,71.536,moderate,moderate,false,456.014,=H1226+ I1226,1514238756,0.730249
8,71.511,moderate,moderate,false,456.626,=H1227+ I1227,1514238757,0.342192
8,71.486,moderate,moderate,false,457.236,=H1228+ I1228,1514238757,0.952115
8,71.461,moderate,moderate,false,457.847,=H1229+ I1229,1514238758,0.563493
8,71.436,moderate,moderate,false,458.464,=H1230+ I1230,1514238759,0.180283
8,71.411,moderate,moderate,false,459.078,=H1231+ I1231,1514238759,0.794204
8,71.386,moderate,moderate,false,459.688,=H1232+ I1232,1514238760,0.403766
8,71.361,moderate,moderate,false,460.301,=H1233+ I1233,1514238761,0.0171188
8,71.336,moderate,moderate,false,460.911,=H1234+ I1234,1514238761,0.626713
8,71.311,moderate,moderate,false,461.53,=H1235+ I1235,1514238762,0.245637
8,71.286,moderate,moderate,false,462.156,=H1236+ I1236,1514238762,0.872476
8,71.261,moderate,moderate,false,462.776,=H1237+ I1237,1514238763,0.491811
8,71.236,moderate,moderate,false,463.392,=H1238+ I1238,1514238764,0.108487
8,71.211,moderate,moderate,false,464.009,=H1239+ I1239,1514238764,0.725197
8,71.186,moderate,moderate,false,464.623,=H1240+ I1240,1514238765,0.338909
8,71.161,moderate,high,false,465.241,=H1241+ I1241,1514238765,0.957087
8,71.136,moderate,moderate,false,465.857,=H1242+ I1242,1514238766,0.573263
8,71.111,moderate,high,false,466.471,=H1243+ I1243,1514238767,0.187104
8,71.086,moderate,low,false,467.087,=H1244+ I1244,1514238767,0.802961
8,71.061,moderate,moderate,false,467.702,=H1245+ I1245,1514238768,0.417811
8,71.036,moderate,high,false,468.317,=H1246+ I1246,1514238769,0.0331044
8,71.011,moderate,moderate,false,468.933,=H1247+ I1247,1514238769,0.648942
8,70.986,moderate,moderate,false,469.548,=H1248+ I1248,1514238770,0.264221
